bin_left,bin_right,D_intra,D_inter,D_clone_anal,D_clone_ml
0.0,4.839638564023501e-07,0.0,0.0,0.0,0.0
4.839638564023501e-07,9.679277128047002e-07,0.0,0.0,0.0,0.0
9.679277128047002e-07,1.4518915692070503e-06,0.0,0.0,0.0,0.0
1.4518915692070503e-06,1.9358554256094003e-06,0.0,0.0,0.0,0.0
1.9358554256094003e-06,2.4198192820117504e-06,0.0,0.0,0.0,0.0
2.4198192820117504e-06,2.9037831384141005e-06,0.0,0.0,0.0,0.0
2.9037831384141005e-06,3.3877469948164506e-06,0.0,0.0,0.0,0.0
3.3877469948164506e-06,3.871710851218801e-06,0.0,0.0,0.0,0.0
3.871710851218801e-06,4.355674707621151e-06,0.0,0.0,0.0,0.0
4.355674707621151e-06,4.839638564023501e-06,0.0,0.0,0.0,0.0
4.839638564023501e-06,5.323602420425851e-06,0.0,0.0,0.0,0.0
5.323602420425851e-06,5.807566276828201e-06,0.0,0.0,0.0,0.0
5.807566276828201e-06,6.291530133230551e-06,0.0,0.0,0.0,0.0
6.291530133230551e-06,6.775493989632901e-06,0.0,0.0,0.0,0.0
6.775493989632901e-06,7.259457846035251e-06,0.0,0.0,0.0,0.0
7.259457846035251e-06,7.743421702437601e-06,0.0,0.0,0.0,0.0
7.743421702437601e-06,8.227385558839952e-06,0.0,0.0,0.0,0.0
8.227385558839952e-06,8.711349415242302e-06,0.0,0.0,0.0,0.0
8.711349415242302e-06,9.19531327164465e-06,0.0,0.0,2.0662700050241725,0.0
9.19531327164465e-06,9.679277128047002e-06,0.0,0.0,4.132540010048331,0.0
9.679277128047002e-06,1.0163240984449353e-05,0.0,0.0,30.994050075362477,0.0
1.0163240984449353e-05,1.0647204840851702e-05,0.12522848515298016,0.0,55.78929013565266,0.0
1.0647204840851702e-05,1.1131168697254051e-05,0.6261424257649008,0.0,163.23533039690963,0.0
1.1131168697254051e-05,1.1615132553656402e-05,2.0036557624476754,0.0,361.5972508792289,0.0
1.1615132553656402e-05,1.2099096410058753e-05,4.341254151969963,0.0,816.1766519845453,0.0
1.2099096410058753e-05,1.2583060266461102e-05,11.479277805689845,0.0,1795.5886343660059,0.0
1.2583060266461102e-05,1.3067024122863451e-05,28.80255158518543,0.0,3663.4967189078575,0.0
1.3067024122863451e-05,1.3550987979265802e-05,64.36744136863156,0.0,6434.3647956452505,0.0
1.3550987979265802e-05,1.4034951835668153e-05,133.41007951630772,0.0,10845.851256371843,0.0
1.4034951835668153e-05,1.4518915692070503e-05,271.244898841355,0.0,17734.79545312247,0.0
1.4518915692070503e-05,1.5002879548472852e-05,516.3170442857372,0.0,27605.367267122943,0.0
1.5002879548472852e-05,1.5486843404875203e-05,960.5442239517386,0.0,40058.77658740349,0.0
1.5486843404875203e-05,1.5970807261277554e-05,1689.7914358259238,0.0,55764.49489559217,0.0
1.5970807261277554e-05,1.6454771117679905e-05,2855.543404115012,0.0,74158.43048031729,0.0
1.6454771117679905e-05,1.6938734974082252e-05,4653.323536971221,0.0,93523.51296740441,0.0
1.6938734974082252e-05,1.7422698830484603e-05,7273.395646170214,0.0,112363.7628732141,0.0
1.7422698830484603e-05,1.7906662686886954e-05,10983.164290342085,0.0,130329.98056689922,0.0
1.7906662686886954e-05,1.83906265432893e-05,15929.522482571358,0.0,144570.71344152675,0.0
1.83906265432893e-05,1.8874590399691652e-05,22374.36472814096,0.0,154168.53761486302,0.0
1.8874590399691652e-05,1.9358554256094003e-05,30498.98013072436,0.0,158206.02920468024,0.0
1.9358554256094003e-05,1.9842518112496354e-05,40188.074998323944,0.0,155699.6436885859,0.0
1.9842518112496354e-05,2.0326481968898705e-05,51186.39193536954,0.0,149874.82854442278,0.0
2.0326481968898705e-05,2.0810445825301053e-05,63514.84409888214,0.0,136014.28935072164,0.0
2.0810445825301053e-05,2.1294409681703404e-05,76268.73916928691,0.0,121633.0501157525,0.0
2.1294409681703404e-05,2.1778373538105755e-05,89251.2597107531,0.0,103222.5843709872,0.0
2.1778373538105755e-05,2.2262337394508102e-05,101335.1406427622,0.0,86221.31476964898,0.0
2.2262337394508102e-05,2.2746301250910453e-05,112195.08010371303,0.0,69321.29239855571,0.0
2.2746301250910453e-05,2.3230265107312804e-05,120718.79868847899,0.0,53675.49592051274,0.0
2.3230265107312804e-05,2.3714228963715155e-05,126659.01188171058,0.0,40788.16989917702,2.0662700050241654
2.3714228963715155e-05,2.4198192820117506e-05,129486.12841969586,0.0,30417.560743960734,0.0
2.4198192820117506e-05,2.4682156676519854e-05,129168.29852437851,0.0,21675.172352703645,0.0
2.4682156676519854e-05,2.5166120532922204e-05,125902.25614593113,0.0,15482.561147646069,0.0
2.5166120532922204e-05,2.5650084389324555e-05,119711.71121087873,0.0,10434.663525372034,4.132540010048331
2.5650084389324555e-05,2.6134048245726903e-05,111131.59806496633,0.0,7145.161677373613,4.132540010048359
2.6134048245726903e-05,2.6618012102129254e-05,100811.01768956789,0.0,4923.921421972585,2.0662700050241654
2.6618012102129254e-05,2.7101975958531605e-05,89489.98694628304,0.0,3244.0439078879394,10.331350025120827
2.7101975958531605e-05,2.7585939814933956e-05,77560.93016475214,0.0,2287.360895561751,6.198810015072496
2.7585939814933956e-05,2.8069903671336307e-05,65847.64206313979,0.0,1659.2148140344045,12.397620030144992
2.8069903671336307e-05,2.8553867527738654e-05,54733.11309187261,0.04174282838432686,1223.2318429743143,26.861510065314334
2.8553867527738654e-05,2.9037831384141005e-05,44552.99733398782,0.0,983.5445223915026,26.861510065314146
2.9037831384141005e-05,2.9521795240543356e-05,35490.086634981526,0.041742828384326566,834.7730820297627,53.72302013062829
2.9521795240543356e-05,3.0005759096945704e-05,27676.497046689932,0.08348565676865372,758.3210918438739,57.85556014067703
3.0005759096945704e-05,3.0489722953348055e-05,21198.385766897714,0.041742828384326566,747.9897418187478,90.91588022106328
3.0489722953348055e-05,3.0973686809750405e-05,15856.973446839287,0.041742828384326566,741.7909318036753,115.71112028135325
3.0973686809750405e-05,3.145765066615275e-05,11660.77562350494,0.0,708.7306117232937,159.10279038686184
3.145765066615275e-05,3.194161452255511e-05,8392.60436081072,0.1669713135373051,719.0619617484044,212.82581051748753
3.194161452255511e-05,3.2425578378957455e-05,5948.019102139503,0.25045697030596115,700.4655317031969,262.41629063807085
3.2425578378957455e-05,3.290954223535981e-05,4110.833739288451,0.29219979869028395,789.3151419192255,274.81391066821203
3.290954223535981e-05,3.339350609176216e-05,2813.3831474468616,0.6678852541492297,737.6583917936322,371.9286009043523
3.339350609176216e-05,3.3877469948164504e-05,1894.5817518794433,0.4174282838432686,719.0619617484145,516.5675012560449
3.3877469948164504e-05,3.436143380456686e-05,1218.6818746804056,1.0018278812238306,716.9956917433803,611.6159214871486
3.436143380456686e-05,3.4845397660969206e-05,789.3986275760053,0.7931137393022103,725.2607717634871,731.4595817785596
3.4845397660969206e-05,3.5329361517371554e-05,499.2024846481649,1.3357705082984594,688.0679116730519,743.8572018087046
3.5329361517371554e-05,3.581332537377391e-05,305.7244750868056,1.79494162052603,667.4052116228007,1024.8699224919787
3.581332537377391e-05,3.6297289230176256e-05,185.17118671287395,1.9619129340633623,644.676241567544,1126.1171527381778
3.6297289230176256e-05,3.67812530865786e-05,112.07949421191762,2.2958555611379774,580.6218714117945,1252.159623044653
3.67812530865786e-05,3.726521694298096e-05,66.20412581754148,3.172454957208797,586.8206814268588,1576.564013833427
3.726521694298096e-05,3.7749180799383305e-05,37.234602918819554,4.007311524895378,514.5012312510207,1603.4255238987635
3.7749180799383305e-05,3.823314465578566e-05,23.000298439763778,5.593539003499721,533.0976612962309,2014.613254898547
3.823314465578566e-05,3.871710851218801e-05,11.228820835383926,5.885738802190087,471.10956114551294,2078.6676250543246
3.871710851218801e-05,3.9201072368590354e-05,7.5971947659474885,8.265080020096718,411.1877309998118,2378.2767757828306
3.9201072368590354e-05,3.968503622499271e-05,4.25776849520128,9.433879214857738,417.38654101487845,2739.874026662024
3.968503622499271e-05,4.0169000081395056e-05,1.8366844489103817,11.521020634074214,320.2718507787479,2944.434757159456
4.0169000081395056e-05,4.065296393779741e-05,0.8348565676865256,13.482933568137389,270.6813706581637,3316.3633580637616
4.065296393779741e-05,4.113692779419976e-05,0.5009139406119223,15.737046300891226,260.35002063304665,3411.4117782949206
4.113692779419976e-05,4.1620891650602106e-05,0.2087141419216343,20.287014594782853,291.34407070840933,3760.6114091440068
4.1620891650602106e-05,4.210485550700446e-05,0.1669713135373051,26.71541016596882,262.41629063806715,3884.587609445403
4.210485550700446e-05,4.258881936340681e-05,0.04174282838432686,28.84429441356986,229.35597055768395,3930.04554955599
4.258881936340681e-05,4.3072783219809155e-05,0.0,34.771776044144275,181.8317604421278,4155.268980103625
4.3072783219809155e-05,4.355674707621151e-05,0.12522848515297882,37.77725968781528,173.56668042202867,4479.673370892358
4.355674707621151e-05,4.404071093261386e-05,0.0,44.49785505769243,148.77144036174096,4490.004720917543
4.404071093261386e-05,4.4524674789016204e-05,0.0,51.76110719656531,154.97025037681348,4742.089661530492
4.4524674789016204e-05,4.500863864541856e-05,0.0,60.652329642426075,159.1027903868596,5025.168652218735
4.500863864541856e-05,4.5492602501820906e-05,0.0,68.66695269221768,119.84366029140241,4961.114282063055
4.5492602501820906e-05,4.597656635822326e-05,0.0,73.46737795641424,128.10874031149734,5025.168652218735
4.597656635822326e-05,4.646053021462561e-05,0.0,84.0700563660343,74.38572018087048,5213.199222676006
4.646053021462561e-05,4.6944494071027956e-05,0.0,93.42044992412352,70.25318017082212,5316.512722927214
4.6944494071027956e-05,4.742845792743031e-05,0.0,104.31532813243136,88.84961021603849,5237.994462736222
4.742845792743031e-05,4.791242178383266e-05,0.0,116.75469099096223,61.98810015072539,5531.404803449729
4.791242178383266e-05,4.839638564023501e-05,0.0,126.93994111673621,74.38572018086943,5378.500823077865
4.839638564023501e-05,4.888034949663736e-05,0.0,134.20319325561087,39.25913009545941,5465.284163288955
4.888034949663736e-05,4.936431335303971e-05,0.0,151.10903875126326,33.06032008038687,5649.1821937361065
4.936431335303971e-05,4.984827720944206e-05,0.0,161.54474584734268,39.259130095458865,5752.495693987235
4.984827720944206e-05,5.033224106584441e-05,0.0,175.02767941548254,26.861510065314334,5498.344483369342
5.033224106584441e-05,5.0816204922246756e-05,0.0,186.13127176571348,12.397620030145077,5647.115923731083
5.0816204922246756e-05,5.130016877864911e-05,0.0,199.2385198783893,6.198810015072452,5839.27903419825
5.130016877864911e-05,5.178413263505146e-05,0.0,210.00816960154845,10.331350025120898,5673.977433796397
5.178413263505146e-05,5.2268096491453806e-05,0.0,225.57824458890238,8.265080020096718,5793.8210940878
5.2268096491453806e-05,5.275206034785616e-05,0.0,234.88689531860393,8.265080020096603,5562.398853525014
5.275206034785616e-05,5.323602420425851e-05,0.0,247.61845797582697,4.132540010048359,5459.085353273883
5.323602420425851e-05,5.371998806066086e-05,0.0,262.3119335671063,4.132540010048301,5731.832993936993
5.371998806066086e-05,5.420395191706321e-05,0.0,278.8003507789191,4.132540010048359,5640.91711371601
5.420395191706321e-05,5.468791577346556e-05,0.0,296.9584811261013,2.0662700050241796,5678.109973806445
5.468791577346556e-05,5.517187962986791e-05,0.0,295.24702516233975,0.0,5750.429423982211
5.517187962986791e-05,5.565584348627026e-05,0.0,322.50509209730933,2.0662700050241796,5690.507593836591
5.565584348627026e-05,5.613980734267261e-05,0.0,327.43074584665527,0.0,5704.97148387168
5.613980734267261e-05,5.662377119907496e-05,0.0,339.74488022003635,0.0,5636.784573705962
5.662377119907496e-05,5.710773505547731e-05,0.0,349.4709592335845,0.0,5492.145673354269
5.710773505547731e-05,5.759169891187966e-05,0.0,371.05200150827625,0.0,5415.693683168299
5.759169891187966e-05,5.807566276828201e-05,0.0,375.26802717509844,0.0,5419.826223178423
5.807566276828201e-05,5.855962662468436e-05,0.0,395.76375591180295,0.0,5275.18732282673
5.855962662468436e-05,5.904359048108671e-05,0.0,412.54437292229665,0.0,5421.892493183372
5.904359048108671e-05,5.952755433748906e-05,0.0,421.60256668170126,0.0,5085.090482364506
5.952755433748906e-05,6.001151819389141e-05,0.0,439.5519828869618,0.0,5211.1329526709815
6.001151819389141e-05,6.049548205029376e-05,0.0,456.54131403937646,0.0,5316.512722927139
6.049548205029376e-05,6.097944590669611e-05,0.0,474.07330196080017,0.0,5271.054782816682
6.097944590669611e-05,6.146340976309846e-05,0.0,491.48006139706445,0.0,5085.090482364506
6.146340976309846e-05,6.194737361950081e-05,0.0,509.34599194554926,0.0,5368.169473052744
6.194737361950081e-05,6.243133747590317e-05,0.0,536.8545158508202,0.0,5407.428603148202
6.243133747590317e-05,6.29153013323055e-05,0.0,553.134218920723,0.0,5192.536522625836
6.29153013323055e-05,6.339926518870786e-05,0.0,583.522997984497,0.0,5217.331762685981
6.339926518870786e-05,6.388322904511021e-05,0.0,608.4017237015555,0.0,5601.657983620473
6.388322904511021e-05,6.436719290151256e-05,0.0,626.7268253622923,0.0,5312.38018291724
6.436719290151256e-05,6.485115675791491e-05,0.0,642.3803860063971,0.0,5463.217893283854
6.485115675791491e-05,6.533512061431726e-05,0.0,678.7801323575296,0.0,5488.013133344144
6.533512061431726e-05,6.581908447071962e-05,0.0,692.3048087540512,0.0,5758.694504002307
6.581908447071962e-05,6.630304832712196e-05,0.0,730.9586678379578,0.0,5676.043703801502
6.630304832712196e-05,6.678701218352431e-05,0.0,753.4997951654735,0.0,5795.887364092743
6.678701218352431e-05,6.727097603992667e-05,0.0,788.9811992921509,0.0,6153.352074961921
6.727097603992667e-05,6.775493989632901e-05,0.0,824.9635173594634,0.0,6196.743745067602
6.775493989632901e-05,6.823890375273136e-05,0.0,854.6009255123118,0.0,6496.35289579593
6.823890375273136e-05,6.872286760913372e-05,0.0,891.1676431769816,0.0,6866.215226695253
6.872286760913372e-05,6.920683146553606e-05,0.0,917.215168088827,0.0,6717.4437863337025
6.920683146553606e-05,6.969079532193841e-05,0.0,950.4007166543406,0.0,7017.052937062015
6.969079532193841e-05,7.017475917834077e-05,0.0,983.8784650185704,0.0,7207.149777524238
7.017475917834077e-05,7.065872303474311e-05,0.0,1019.6520689439665,0.0,7293.933117735456
7.065872303474311e-05,7.114268689114546e-05,0.0,1051.9610181134065,0.0,7442.704558096991
7.114268689114546e-05,7.162665074754782e-05,0.0,1097.3772153955533,0.0,7465.433528152256
7.162665074754782e-05,7.211061460395016e-05,0.0,1119.793114237968,0.0,7424.108128051981
7.211061460395016e-05,7.259457846035251e-05,0.0,1154.898832909155,0.0,8041.922859553994
7.259457846035251e-05,7.307854231675487e-05,0.0,1197.643489174705,0.0,7738.181168815444
7.307854231675487e-05,7.35625061731572e-05,0.0,1217.7635324559847,0.0,8258.881210081761
7.35625061731572e-05,7.404647002955956e-05,0.0,1265.7677850979258,0.0,8411.785190453318
7.404647002955956e-05,7.453043388596191e-05,0.0,1303.545044785741,0.0,8531.628850744719
7.453043388596191e-05,7.501439774236427e-05,0.0,1314.8156084495092,0.0,8791.978871377762
7.501439774236427e-05,7.549836159876661e-05,0.0,1354.095609959198,0.0,8843.635621503612
7.549836159876661e-05,7.598232545516896e-05,0.0,1393.0834116701208,0.0,8866.36459155863
7.598232545516896e-05,7.646628931157132e-05,0.0,1422.8460483081456,0.0,9428.3900329252
7.646628931157132e-05,7.695025316797366e-05,0.0,1457.1169104117182,0.0,9254.82335250343
7.695025316797366e-05,7.743421702437601e-05,0.0,1502.0321937532124,0.0,9639.149573437662
7.743421702437601e-05,7.791818088077837e-05,0.0,1518.1449255095624,0.0,9971.819044246551
7.791818088077837e-05,7.840214473718071e-05,0.0,1544.5263930484998,0.0,9858.174193970499
7.840214473718071e-05,7.888610859358306e-05,0.0,1564.4794650161643,0.0,10339.61510514085
7.888610859358306e-05,7.937007244998542e-05,0.0,1611.6488610904532,0.0,10515.248055567903
7.937007244998542e-05,7.985403630638776e-05,0.0,1634.6491595302628,0.0,10810.72466628666
7.985403630638776e-05,8.033800016279011e-05,0.0,1660.237513329809,0.0,10980.158806698337
8.033800016279011e-05,8.082196401919247e-05,0.0,1702.9821695953592,0.0,11133.062787070123
8.082196401919247e-05,8.130592787559482e-05,0.0,1730.6576648141674,0.0,11277.701687421813
8.130592787559482e-05,8.178989173199716e-05,0.0,1750.4855082967715,0.0,11381.01518767334
8.178989173199716e-05,8.227385558839952e-05,0.0,1759.376730742584,0.0,11610.371158230704
8.227385558839952e-05,8.275781944480187e-05,0.0,1800.9943306417572,0.0,11668.226718371378
8.275781944480187e-05,8.324178330120421e-05,0.0,1820.1125460418298,0.0,11872.787448869103
8.324178330120421e-05,8.372574715760657e-05,0.0,1858.641176640512,0.0,11647.564018321136
8.372574715760657e-05,8.420971101400892e-05,0.0,1870.0787116178174,0.0,11856.257288828578
8.420971101400892e-05,8.469367487041126e-05,0.0,1910.4022838371297,0.0,11850.058478813835
8.469367487041126e-05,8.517763872681362e-05,0.0,1940.3736346170226,0.0,11783.937838652731
8.517763872681362e-05,8.566160258321597e-05,0.0,1978.4430941035282,0.0,11724.016008507031
8.566160258321597e-05,8.614556643961831e-05,0.0,2011.2112143852808,0.0,12091.812069401669
8.614556643961831e-05,8.662953029602066e-05,0.0,2028.82668796341,0.0,11721.949738502006
8.662953029602066e-05,8.711349415242302e-05,0.0,2055.6255837861477,0.0,11887.251338903938
8.711349415242302e-05,8.759745800882536e-05,0.0,2082.883650721171,0.0,11918.245388979636
8.759745800882536e-05,8.808142186522771e-05,0.0,2117.613683936872,0.0,12062.884289330992
8.808142186522771e-05,8.856538572163007e-05,0.0,2161.9445676810265,0.0,11992.63110916017
8.856538572163007e-05,8.904934957803241e-05,0.0,2200.8906265636647,0.0,11907.914038954514
8.904934957803241e-05,8.953331343443476e-05,0.0,2242.8839119182353,0.0,11825.263238753214
8.953331343443476e-05,9.001727729083712e-05,0.0,2264.3814685361635,0.0,11769.473948617562
9.001727729083712e-05,9.050124114723947e-05,0.0,2307.8357528842466,0.0,11996.76364917022
9.050124114723947e-05,9.098520500364181e-05,0.0,2333.883277796132,0.0,12011.227539205725
9.098520500364181e-05,9.146916886004417e-05,0.0,2383.5989864017993,0.0,11996.76364917022
9.146916886004417e-05,9.195313271644652e-05,0.0,2424.3399869049013,0.0,11659.961638351282
9.195313271644652e-05,9.243709657284886e-05,0.0,2468.754356305894,0.0,11839.727128788716
9.243709657284886e-05,9.292106042925122e-05,0.0,2498.183050316775,0.0,11858.323558833601
9.292106042925122e-05,9.340502428565357e-05,0.0,2556.956952681906,0.0,11878.986258883842
9.340502428565357e-05,9.388898814205591e-05,0.0,2584.173276788559,0.0,11583.509648165713
9.388898814205591e-05,9.437295199845827e-05,0.0,2640.4008666221744,0.0,11600.039808205582
9.437295199845827e-05,9.485691585486062e-05,0.0,2679.2216970195977,0.0,11126.863977055053
9.485691585486062e-05,9.534087971126296e-05,0.0,2734.489201800522,0.0,11273.569147412083
9.534087971126296e-05,9.582484356766532e-05,0.0,2765.337151976463,0.0,10759.067916160753
9.582484356766532e-05,9.630880742406767e-05,0.0,2830.5394499127806,0.0,10726.007596080366
9.630880742406767e-05,9.679277128047002e-05,0.0,2863.391055851245,0.0,10463.591305442298
9.679277128047002e-05,9.727673513687236e-05,0.0,2914.734734764048,0.0,10409.868285311963
9.727673513687236e-05,9.776069899327472e-05,0.0,2975.8462355186202,0.0,9854.041653960174
9.776069899327472e-05,9.824466284967707e-05,0.0,2987.742941608153,0.0,9992.481744296792
9.824466284967707e-05,9.872862670607941e-05,0.0,3040.547619514411,0.0,9761.059503734361
9.872862670607941e-05,9.921259056248177e-05,0.0,3103.8714901733492,0.0,9436.655112945295
9.921259056248177e-05,9.969655441888412e-05,0.0,3123.490619513982,0.0,9263.088432523267
9.969655441888412e-05,0.00010018051827528646,0.0,3177.464096615005,0.0,9316.811452654156
0.00010018051827528646,0.00010066448213168882,0.0,3235.7370850394354,0.0,9029.599921955538
0.00010066448213168882,0.00010114844598809117,0.0,3274.4326869517063,0.0,8994.47333187013
0.00010114844598809117,0.00010163240984449351,0.0,3319.139256151412,0.0,8705.19553116699
0.00010163240984449351,0.00010211637370089587,0.0,3384.9676965134017,0.0,8711.39434118182
0.00010211637370089587,0.00010260033755729822,0.0,3428.0462954060267,0.0,8554.357820799984
0.00010260033755729822,0.00010308430141370056,0.0,3454.1773059747115,0.0,8306.405420197318
0.00010308430141370056,0.00010356826527010292,0.0,3519.296118254164,0.0,8085.314529659502
0.00010356826527010292,0.00010405222912650527,0.0,3532.1111665681524,0.0,7955.139519342981
0.00010405222912650527,0.00010453619298290761,0.0,3593.4313814648285,0.0,7820.831969016629
0.00010453619298290761,0.00010502015683930997,0.0,3661.722648701485,0.0,7738.181168815444
0.00010502015683930997,0.00010550412069571232,0.0,3691.3183140259725,0.0,7626.6025885441395
0.00010550412069571232,0.00010598808455211467,0.0,3758.6912390382754,0.0,7506.758928252739
0.00010598808455211467,0.00010647204840851702,0.0,3814.8353432153012,0.0,7192.6858874892705
0.00010647204840851702,0.00010695601226491937,0.0,3828.8609335523274,0.0,7205.0835075192135
0.00010695601226491937,0.00010743997612132172,0.0,3881.623868630116,0.0,7072.842227197668
0.00010743997612132172,0.00010792393997772406,0.0,3914.0580462848475,0.0,7163.758107418931
0.00010792393997772406,0.00010840790383412642,0.0,3999.1716733603785,0.0,7068.709687187619
0.00010840790383412642,0.00010889186769052877,0.0,4016.077518856031,0.0,7229.878747579503
0.00010889186769052877,0.00010937583154693111,0.0,4052.7277221775826,0.0,7347.656137866086
0.00010937583154693111,0.00010985979540333347,0.0,4093.3017513670347,0.0,6901.341816780663
0.00010985979540333347,0.00011034375925973582,0.0,4127.02995670157,0.0,7302.198197755348
0.00011034375925973582,0.00011082772311613816,0.0,4163.805388508278,0.0,6955.064836911486
0.00011082772311613816,0.00011131168697254052,0.0,4186.55522997762,0.0,7095.571197252933
0.00011131168697254052,0.00011179565082894287,0.0,4282.27153546288,0.0,7095.571197252933
0.00011179565082894287,0.00011227961468534523,0.0,4314.914427259423,0.0,7357.9874878910005
0.00011227961468534523,0.00011276357854174757,0.0,4330.067073963055,0.0,6936.468406866268
0.00011276357854174757,0.00011324754239814992,0.0,4396.1877141237055,0.0,6897.209276770614
0.00011324754239814992,0.00011373150625455228,0.0,4413.552730731586,0.0,6983.992616981629
0.00011373150625455228,0.00011421547011095462,0.0,4463.644124792902,0.0,7041.848177122502
0.00011421547011095462,0.00011469943396735697,0.0,4509.060322074924,0.0,6853.817606665108
0.00011469943396735697,0.00011518339782375933,0.0,4524.6303970622785,0.0,6893.076736760567
0.00011518339782375933,0.00011566736168016167,0.0,4599.224831385198,0.0,7200.950967509367
0.00011566736168016167,0.00011615132553656402,0.0,4603.106914424811,0.0,6973.661266956508
0.00011615132553656402,0.00011663528939296637,0.0,4661.964302446711,0.0,6880.679116730422
0.00011663528939296637,0.00011711925324936872,0.0,4693.480137877009,0.0,7017.052937062212
0.00011711925324936872,0.00011760321710577107,0.0,4722.15746097691,0.0,6981.926346976606
0.00011760321710577107,0.00011808718096217342,0.0,4772.749768978713,0.0,6820.757286584721
0.00011808718096217342,0.00011857114481857576,0.0,4821.00447859113,0.0,6876.546576720566
0.00011857114481857576,0.00011905510867497812,0.0,4819.6269652543115,0.0,6837.287446624914
0.00011905510867497812,0.00011953907253138047,0.0,4876.9816114543755,0.0,6872.4140367103255
0.00011953907253138047,0.00012002303638778281,0.0,4906.744248092538,0.0,6785.630696499501
0.00012002303638778281,0.00012050700024418517,0.0,4894.764056346099,0.0,6651.323146172741
0.00012050700024418517,0.00012099096410058752,0.0,4945.231135862749,0.0,6872.4140367103255
0.00012099096410058752,0.00012147492795698988,0.0,4968.77409107151,0.0,6552.1421859315815
0.00012147492795698988,0.00012195889181339222,0.0,4997.493157000066,0.0,6455.027495695627
0.00012195889181339222,0.00012244285566979457,0.0,5010.850862082911,0.0,6444.696145670327
0.00012244285566979457,0.0001229268195261969,0.0,5026.671394040711,0.0,6614.130286082492
0.0001229268195261969,0.00012341078338259928,0.0,5048.085465001588,0.0,6651.3231461725545
0.00012341078338259928,0.00012389474723900162,0.0,5096.4236602709225,0.0,6413.702095595143
0.00012389474723900162,0.00012437871109540396,0.0,5101.599770990579,0.0,6545.943375916693
0.00012437871109540396,0.00012486267495180633,0.0,5143.467827859771,0.0,6275.262005258171
0.00012486267495180633,0.00012534663880820867,0.0,5135.620176123806,0.0,6399.238205559974
0.00012534663880820867,0.000125830602664611,0.0,5167.970868121659,0.0,6450.89495568558
0.000125830602664611,0.00012631456652101338,0.0,5171.602494190806,0.0,6399.238205559615
0.00012631456652101338,0.00012679853037741572,0.0,5182.706086541327,0.0,6438.497335655434
0.00012679853037741572,0.00012728249423381806,0.0,5198.317904357065,0.0,6293.8584353037395
0.00012728249423381806,0.00012776645809022043,0.0,5220.358117743698,0.0,6413.702095594784
0.00012776645809022043,0.00012825042194662277,0.0,5264.981201286836,0.0,6411.63582559012
0.00012825042194662277,0.0001287343858030251,0.0,5268.111913415662,0.0,6411.63582559012
0.0001287343858030251,0.00012921834965942748,0.0,5293.575038729804,0.0,6242.201685177784
0.00012921834965942748,0.00012970231351582982,0.0,5298.500692479452,0.0,6149.219534952044
0.00012970231351582982,0.00013018627737223216,0.0,5311.60794059213,0.0,6184.346125037457
0.00013018627737223216,0.00013067024122863453,0.0,5332.14541215692,0.0,6227.737795142615
0.00013067024122863453,0.00013115420508503687,0.0,5348.216401085186,0.0,6089.297704806342
0.00013115420508503687,0.00013163816894143924,0.0,5376.1006104456155,0.0,5905.399674358857
0.00013163816894143924,0.00013212213279784158,0.0,5402.523820813195,0.0,5810.351254128074
0.00013212213279784158,0.00013260609665424392,0.0,5402.3151066712735,0.0,5746.296883972324
0.00013260609665424392,0.00013309006051064629,0.0,5433.830942101136,0.0,5748.363153977026
0.00013309006051064629,0.00013357402436704863,0.0,5461.422951663481,0.0,5423.958763188547
0.00013357402436704863,0.00013405798822345097,0.0,5449.275788603642,0.0,5585.127823580436
0.00013405798822345097,0.00013454195207985334,0.0,5499.241954179373,0.0,5279.319862836557
0.00013454195207985334,0.00013502591593625568,0.0,5473.737086036858,0.0,5454.952813263911
0.00013502591593625568,0.00013550987979265802,0.0,5525.2059934347335,0.0,5314.446452922264
0.00013550987979265802,0.00013599384364906038,0.0,5544.157237520908,0.0,5126.415882464774
0.00013599384364906038,0.00013647780750546273,0.0,5559.560341195035,0.0,5023.102382213851
0.00013647780750546273,0.00013696177136186507,0.0,5561.814453927788,0.0,4987.975792128439
0.00013696177136186507,0.00013744573521826743,0.0,5541.6109249894635,0.0,5076.825402344196
0.00013744573521826743,0.00013792969907466978,0.0,5607.481108180244,0.0,4806.144031686309
0.00013792969907466978,0.00013841366293107212,0.0,5634.1965183462125,0.0,4686.300371394905
0.00013841366293107212,0.00013889762678747448,0.0,5613.992989407884,0.0,4678.035291374546
0.00013889762678747448,0.00013938159064387682,0.0,5646.8445953466635,0.0,4880.5297518671805
0.00013938159064387682,0.00013986555450027917,0.0,5676.356775014383,0.0,4698.69799142505
0.00013986555450027917,0.00014034951835668153,0.0,5687.335138879143,0.0,4789.613871645847
0.00014034951835668153,0.00014083348221308387,0.0,5691.551164546278,0.0,4647.041241299446
0.00014083348221308387,0.00014131744606948621,0.0,5723.734885230595,0.0,4930.120231987761
0.00014131744606948621,0.00014180140992588858,0.0,5713.340920962577,0.0,4644.974971294161
0.00014180140992588858,0.00014228537378229092,0.0,5746.985640640666,0.0,4833.005541751624
0.00014228537378229092,0.00014276933763869326,0.0,5770.6538243345785,0.0,4702.830531435098
0.00014276933763869326,0.00014325330149509563,0.0,5792.735780549564,0.0,4839.204351766425
0.00014325330149509563,0.00014373726535149797,0.0,5784.345472044638,0.0,4841.2706217717205
0.00014373726535149797,0.0001442212292079003,0.0,5809.182454933314,0.0,4952.849202043028
0.0001442212292079003,0.00014470519306430268,0.0,5824.084644666192,0.0,4938.385312007582
0.00014470519306430268,0.00014518915692070502,0.0,5825.002986890974,0.0,4702.830531435098
0.00014518915692070502,0.00014567312077710736,0.0,5802.921030675664,0.0,5138.813502495207
0.00014567312077710736,0.00014615708463350973,0.0,5862.905475063615,0.0,4940.451582012605
0.00014615708463350973,0.00014664104848991207,0.0,5858.43899242682,0.0,4925.987691977713
0.00014664104848991207,0.0001471250123463144,0.0,5881.898461978812,0.0,5130.54842247511
0.0001471250123463144,0.00014760897620271678,0.0,5868.039842954886,0.0,5132.614692479847
0.00014760897620271678,0.00014809294005911912,0.0,5890.455741797598,0.0,5056.162702294238
0.00014809294005911912,0.0001485769039155215,0.0,5906.10930244139,0.0,5171.873822575304
0.0001485769039155215,0.00014906086777192383,0.0,5898.428622019005,0.0,5188.403982615788
0.00014906086777192383,0.00014954483162832617,0.0,5918.33995115833,0.0,4983.843252118391
0.00014954483162832617,0.00015002879548472854,0.0,5936.3311101916415,0.0,4985.9095221231355
0.00015002879548472854,0.00015051275934113088,0.0,5919.091322069247,0.0,5072.692862334432
0.00015051275934113088,0.00015099672319753322,0.0,5909.073043257009,0.0,5151.211122525351
0.00015099672319753322,0.0001514806870539356,0.0,5955.825011047122,0.0,5200.801602645642
0.0001514806870539356,0.00015196465091033793,0.0,5958.705266205974,0.0,4992.108332138488
0.00015196465091033793,0.00015244861476674027,0.0,5976.571196754466,0.0,5124.349612460037
0.00015244861476674027,0.00015293257862314264,0.0,5977.155596351512,0.0,4994.174602143233
0.00015293257862314264,0.00015341654247954498,0.0,5922.055062884535,0.0,5091.28929237965
0.00015341654247954498,0.00015390050633594732,0.0,5979.242737771063,0.0,5095.4218323896985
0.00015390050633594732,0.0001543844701923497,0.0,5967.429517337964,0.0,5320.64526293704
0.0001543844701923497,0.00015486843404875203,0.0,5971.895999975422,0.0,5099.554372399747
0.00015486843404875203,0.00015535239790515437,0.0,5958.120866608593,0.0,4973.511902093271
0.00015535239790515437,0.00015583636176155674,0.0,5971.562057348013,0.0,5041.698812258786
0.00015583636176155674,0.00015632032561795908,0.0,6032.6735581030025,0.0,4942.517852017907
0.00015632032561795908,0.00015680428947436142,0.0,5992.016043256667,0.0,4913.590071947568
0.00015680428947436142,0.00015728825333076379,0.0,6022.48830797689,0.0,4762.752361580534
0.00015728825333076379,0.00015777221718716613,0.0,6024.658935053211,0.0,4791.680141651139
0.00015777221718716613,0.00015825618104356847,0.0,6004.705863085504,0.0,4863.999591826987
0.00015825618104356847,0.00015874014489997083,0.0,6069.6577040511775,0.0,4673.902751364498
0.00015874014489997083,0.00015922410875637318,0.0,5995.397212355798,0.0,4715.228151465244
0.00015922410875637318,0.00015970807261277552,0.0,5995.647669326104,0.0,4692.499181409978
0.00015970807261277552,0.00016019203646917788,0.0,6013.179657247185,0.0,4560.257901088173
0.00016019203646917788,0.00016067600032558022,0.0,6000.114151963227,0.0,4684.234101389881
0.00016067600032558022,0.00016115996418198257,0.0,6017.0199974588795,0.0,4459.010670842243
0.00016115996418198257,0.00016164392803838493,0.0,6050.414260166003,0.0,4527.197581007787
0.00016164392803838493,0.00016212789189478727,0.0,6049.120232486428,0.0,4578.854331133646
0.00016212789189478727,0.00016261185575118964,0.0,6039.519381957693,0.0,4328.835660525475
0.00016261185575118964,0.00016309581960759198,0.0,6020.651623528317,0.0,4142.871360073538
0.00016309581960759198,0.00016357978346399432,0.0,6004.330177630044,0.0,4347.4320905709355
0.00016357978346399432,0.0001640637473203967,0.0,6002.03432206857,0.0,4000.2987297266436
0.0001640637473203967,0.00016454771117679903,0.0,6021.36125161085,0.0,4078.8169899177874
0.00016454771117679903,0.00016503167503320137,0.0,6056.842655737528,0.0,4029.2265097972067
0.00016503167503320137,0.00016551563888960374,0.0,6032.840529416202,0.0,4221.389620264222
0.00016551563888960374,0.00016599960274600608,0.0,6035.92949871698,0.0,4068.4856398926668
0.00016599960274600608,0.00016648356660240842,0.0,6050.873431278569,0.0,4014.7626197620375
0.00016648356660240842,0.0001669675304588108,0.0,6023.072707574269,0.0,3870.123719410126
0.0001669675304588108,0.00016745149431521313,0.0,6029.876788601253,0.0,3744.081249103866
0.00016745149431521313,0.00016793545817161547,0.0,6032.798786588156,0.0,3812.268159269665
0.00016793545817161547,0.00016841942202801784,0.0,6010.716830372509,0.0,3828.7983193096443
0.00016841942202801784,0.00016890338588442018,0.0,6050.3307745095735,0.0,3812.268159269665
0.00016890338588442018,0.00016938734974082252,0.0,6028.248818294263,0.0,3671.7617989280184
0.00016938734974082252,0.0001698713135972249,0.0,6039.435896300925,0.0,3657.2979088926445
0.0001698713135972249,0.00017035527745362723,0.0,6004.330177630044,0.0,3737.8824390887935
0.00017035527745362723,0.00017083924131002957,0.0,6020.234195244472,0.0,3485.79749847584
0.00017083924131002957,0.00017132320516643194,0.0,6028.2070754655415,0.0,3578.779648701729
0.00017132320516643194,0.00017180716902283428,0.0,6034.176299924838,0.0,3684.1594189581638
0.00017180716902283428,0.00017229113287923662,0.0,6060.223824836658,0.0,3316.363358063855
0.00017229113287923662,0.000172775096735639,0.0,6059.180254126712,0.0,3411.4117782947774
0.000172775096735639,0.00017325906059204133,0.0,6049.24546097158,0.0,3378.351458214581
0.00017325906059204133,0.00017374302444844367,0.0,6031.296044766319,0.0,3477.532418455743
0.00017374302444844367,0.00017422698830484604,0.0,6024.074535455494,0.0,3380.4177282194155
0.00017422698830484604,0.00017471095216124838,0.0,6046.9913482388265,0.0,3268.839147948298
0.00017471095216124838,0.00017519491601765072,0.0,6040.395981354102,0.0,3206.8510477975715
0.00017519491601765072,0.0001756788798740531,0.0,6042.5248656013655,0.0,3231.6462878576813
0.0001756788798740531,0.00017616284373045543,0.0,6036.221698515671,0.0,3045.6819874056837
0.00017616284373045543,0.00017664680758685777,0.0,6035.887755888595,0.0,3095.2724675262643
0.00017664680758685777,0.00017713077144326014,0.0,6021.402994438897,0.0,3043.615717400489
0.00017713077144326014,0.00017761473529966248,0.0,6027.080019099502,0.0,2998.157777290127
0.00017761473529966248,0.00017809869915606482,0.0,6025.159848993823,0.0,3058.0796074358286
0.00017809869915606482,0.00017858266301246719,0.0,5983.79270606462,0.0,2994.0252372799105
0.00017858266301246719,0.00017906662686886953,0.0,6000.990751359297,0.0,3115.9351675765065
0.00017906662686886953,0.0001795505907252719,0.0,5985.712876170299,0.0,2921.7057871040674
0.0001795505907252719,0.00018003455458167424,0.0,5970.3932581535855,0.0,2816.326016847996
0.00018003455458167424,0.00018051851843807658,0.0,5986.339018596399,0.0,2901.043087053989
0.00018051851843807658,0.00018100248229447894,0.0,5973.56571311046,0.0,2896.910547043778
0.00018100248229447894,0.00018148644615088128,0.0,5947.935616482818,0.0,2826.6573668731176
0.00018148644615088128,0.00018197041000728363,0.0,5923.26560490768,0.0,2898.9768170489647
0.00018197041000728363,0.000182454373863686,0.0,5936.873766960638,0.0,2758.470456707164
0.000182454373863686,0.00018293833772008833,0.0,5931.822884726467,0.0,2673.753386501326
0.00018293833772008833,0.00018342230157649067,0.0,5914.87529640243,0.0,2539.4458361747525
0.00018342230157649067,0.00018390626543289304,0.0,5926.56328834971,0.0,2473.325196013839
0.00018390626543289304,0.00018439022928929538,0.0,5902.978590312897,0.0,2673.753386501326
0.00018439022928929538,0.00018487419314569772,0.0,5866.745815275301,0.0,2438.198605928566
0.00018487419314569772,0.0001853581570021001,0.0,5835.93960792734,0.0,2334.885105677225
0.0001853581570021001,0.00018584212085850243,0.0,5832.725410142074,0.0,2314.2224056271134
0.00018584212085850243,0.00018632608471490477,0.0,5863.865560116782,0.0,2194.3787453357095
0.00018632608471490477,0.00018681004857130714,0.0,5836.440521867952,0.0,2099.3303251044786
0.00018681004857130714,0.00018729401242770948,0.0,5818.783305461709,0.0,1946.4263447328046
0.00018729401242770948,0.00018777797628411182,0.0,5801.835717137672,0.0,2103.4628651146445
0.00018777797628411182,0.0001882619401405142,0.0,5792.610552064411,0.0,2043.5410349688277
0.0001882619401405142,0.00018874590399691653,0.0,5791.107810242899,0.0,1998.0830948584096
0.00018874590399691653,0.00018922986785331887,0.0,5759.75894612627,0.0,2037.3422249538696
0.00018922986785331887,0.00018971383170972124,0.0,5724.235799170886,0.0,1878.2394345669002
0.00018971383170972124,0.00019019779556612358,0.0,5741.934758406162,0.0,1874.1068945569573
0.00019019779556612358,0.00019068175942252592,0.0,5689.171823328372,0.0,1779.0584743258435
0.00019068175942252592,0.0001911657232789283,0.0,5757.045662280966,0.0,1737.7330742252623
0.0001911657232789283,0.00019164968713533063,0.0,5692.552992427502,0.0,1789.3898243509645
0.00019164968713533063,0.00019213365099173297,0.0,5709.834523378614,0.0,1795.5886343660372
0.00019213365099173297,0.00019261761484813534,0.0,5690.925022120195,0.0,1752.1969642604308
0.00019261761484813534,0.00019310157870453768,0.0,5644.2565399868345,0.0,1599.2929838887374
0.00019310157870453768,0.00019358554256094005,0.0,5659.367443861645,0.0,1673.6787040695153
0.00019358554256094005,0.0001940695064173424,0.0,5631.399748844463,0.0,1628.2207639590763
0.0001940695064173424,0.00019455347027374473,0.0,5650.768421214791,0.0,1520.7747236978175
0.00019455347027374473,0.0001950374341301471,0.0,5635.114860570352,0.0,1450.521543526913
0.0001950374341301471,0.00019552139798654944,0.0,5634.906146428747,0.0,1557.9675837882533
0.00019552139798654944,0.00019600536184295178,0.0,5601.971054833512,0.0,1568.2989338133743
0.00019600536184295178,0.00019648932569935415,0.0,5625.305295900035,0.0,1516.642183687684
0.00019648932569935415,0.0001969732895557565,0.0,5626.432352266727,0.0,1462.9191635571397
0.0001969732895557565,0.00019745725341215883,0.0,5593.914688955337,0.0,1475.3167835872848
0.00019745725341215883,0.0001979412172685612,0.0,5587.02712227161,0.0,1380.268363356094
0.0001979412172685612,0.00019842518112496354,0.0,5608.90036434531,0.0,1506.310833662648
0.00019842518112496354,0.00019890914498136588,0.0,5601.17794109421,0.0,1349.2743132808082
0.00019890914498136588,0.00019939310883776825,0.0,5584.689523882087,0.0,1460.8528935520337
0.00019939310883776825,0.00019987707269417059,0.0,5581.057897812963,0.0,1419.5274934516312
0.00019987707269417059,0.00020036103655057293,0.0,5541.0265253923935,0.0,1431.9251134817764
0.00020036103655057293,0.0002008450004069753,0.0,5559.685569679877,0.0,1324.4790732204435
0.0002008450004069753,0.00020132896426337764,0.0,5558.141085029968,0.0,1264.5572430748155
0.00020132896426337764,0.00020181292811977998,0.0,5528.670648190632,0.0,1409.1961434265104
0.00020181292811977998,0.00020229689197618234,0.0,5517.8175128103985,0.0,1365.8044733209251
0.00020229689197618234,0.00020278085583258468,0.0,5527.334877682334,0.0,1376.135823346123
0.00020278085583258468,0.00020326481968898703,0.0,5492.354387496268,0.0,1283.1536731200335
0.00020326481968898703,0.0002037487835453894,0.0,5497.405269730464,0.0,1334.810423245564
0.0002037487835453894,0.00020423274740179173,0.0,5478.704482614593,0.0,1301.7501031652514
0.00020423274740179173,0.00020471671125819408,0.0,5483.254450908485,0.0,1369.9370133310501
0.00020471671125819408,0.00020520067511459644,0.0,5469.020146429123,0.0,1252.1596230446003
0.00020520067511459644,0.00020568463897099878,0.0,5430.282801688773,0.0,1260.424703064767
0.00020568463897099878,0.00020616860282740112,0.0,5424.021377431124,0.0,1210.8342229441862
0.00020616860282740112,0.0002066525666838035,0.0,5421.308093585839,0.0,1231.4969229943592
0.0002066525666838035,0.00020713653054020583,0.0,5413.209984879583,0.0,1243.8945430245735
0.00020713653054020583,0.00020762049439660817,0.0,5374.639611452465,0.0,1217.033032959259
0.00020762049439660817,0.00020810445825301054,0.0,5363.243819303243,0.0,1206.70168293407
0.00020810445825301054,0.00020858842210941288,0.0,5353.309026148073,0.0,1237.695733009501
0.00020858842210941288,0.00020907238596581522,0.0,5353.642968775148,0.0,1062.0627825824433
0.00020907238596581522,0.0002095563498222176,0.0,5307.391914925016,0.0,1136.448502763251
0.0002095563498222176,0.00021004031367861993,0.0,5296.163094089929,0.0,1208.7679529391621
0.00021004031367861993,0.0002105242775350223,0.0,5295.203009036793,0.0,1076.5266726175523
0.0002105242775350223,0.00021100824139142464,0.0,5275.416908382918,0.0,1045.5326225422496
0.00021100824139142464,0.00021149220524782698,0.0,5284.600330627471,0.0,1084.7917526377094
0.00021149220524782698,0.00021197616910422935,0.0,5267.360542504448,0.0,1026.9361924969742
0.00021197616910422935,0.0002124601329606317,0.0,5225.701199777184,0.0,1043.4663525372255
0.0002124601329606317,0.00021294409681703403,0.0,5237.848362837024,0.0,1018.6711124769348
0.00021294409681703403,0.0002134280606734364,0.0,5250.913868121024,0.0,973.2131723663476
0.0002134280606734364,0.00021391202452983874,0.0,5227.20394159902,0.0,929.8215022608938
0.00021391202452983874,0.00021439598838624108,0.0,5188.0074257461365,0.0,853.3695120749982
0.00021439598838624108,0.00021487995224264345,0.0,5186.880369379469,0.0,832.7068120247095
0.00021487995224264345,0.0002153639160990458,0.0,5169.849295398954,0.0,830.6405420197319
0.0002153639160990458,0.00021584787995544813,0.0,5178.49006087451,0.0,822.375461999635
0.00021584787995544813,0.0002163318438118505,0.0,5183.040029168111,0.0,828.5742720146612
0.0002163318438118505,0.00021681580766825284,0.0,5169.390124286727,0.0,840.9718920448529
0.00021681580766825284,0.00021729977152465518,0.0,5147.224682414649,0.0,855.4357820800224
0.00021729977152465518,0.00021778373538105755,0.0,5132.698178136615,0.0,754.1885518337939
0.00021778373538105755,0.0002182676992374599,0.0,5124.349612460037,0.0,760.3873618489088
0.0002182676992374599,0.00021875166309386223,0.0,5109.90659383906,0.0,750.0560118237877
0.00021875166309386223,0.0002192356269502646,0.0,5066.911480602919,0.0,747.9897418187217
0.0002192356269502646,0.00021971959080666694,0.0,5052.468461982226,0.0,764.5199018589572
0.00021971959080666694,0.00022020355466306928,0.0,5053.762489662139,0.0,702.5318017082309
0.00022020355466306928,0.00022068751851947165,0.0,5034.39381729153,0.0,719.0619617483843
0.00022068751851947165,0.00022117148237587399,0.0,4981.964824841097,0.0,729.3933117735456
0.00022117148237587399,0.00022165544623227633,0.0,4959.173240543254,0.0,595.085761446972
0.00022165544623227633,0.0002221394100886787,0.0,4958.33838397529,0.0,621.947271512252
0.0002221394100886787,0.00022262337394508104,0.0,4917.054726703467,0.0,580.6218714118027
0.00022262337394508104,0.00022310733780148338,0.0,4884.537063392077,0.0,603.3508414670689
0.00022310733780148338,0.00022359130165788574,0.0,4885.455405616258,0.0,524.8325812761196
0.00022359130165788574,0.00022407526551428809,0.0,4838.202523885473,0.0,539.2964713113184
0.00022407526551428809,0.00022455922937069045,0.0,4830.396614977332,0.0,533.097661296216
0.00022455922937069045,0.0002250431932270928,0.0,4762.731490166609,0.0,440.1155110701564
0.0002250431932270928,0.00022552715708349513,0.0,4761.646176628616,0.0,512.4349612460037
0.00022552715708349513,0.0002260111209398975,0.0,4749.248556598205,0.0,431.8504310500354
0.0002260111209398975,0.00022649508479629984,0.0,4695.6925077813785,0.0,373.99487090938175
0.00022649508479629984,0.00022697904865270218,0.0,4693.939308989236,0.0,380.1936809244544
0.00022697904865270218,0.00022746301250910455,0.0,4640.967659769265,0.0,452.5131311002763
0.00022746301250910455,0.0002279469763655069,0.0,4635.3323779376415,0.0,407.0551909897691
0.0002279469763655069,0.00022843094022190923,0.0,4604.7766275603135,0.0,446.31432108522904
0.00022843094022190923,0.0002289149040783116,0.0,4566.164511304555,0.0,411.1877309997945
0.0002289149040783116,0.00022939886793471394,0.0,4553.683405617897,0.0,425.651621034987
0.00022939886793471394,0.00022988283179111628,0.0,4495.2017030514535,0.0,384.32622093450277
0.00022988283179111628,0.00023036679564751865,0.0,4506.096581259511,0.0,402.9226509796981
0.00023036679564751865,0.000230850759503921,0.0,4471.700490671078,0.0,357.4647108691881
0.000230850759503921,0.00023133472336032333,0.0,4433.130117243959,0.0,446.31432108522904
0.00023133472336032333,0.0002318186872167257,0.0,4428.580148949819,0.0,431.8504310500354
0.0002318186872167257,0.00023230265107312804,0.0,4386.503377938665,0.0,386.39249093952697
0.00023230265107312804,0.00023278661492953038,0.0,4352.274258663517,0.0,402.92265097972063
0.00023278661492953038,0.00023327057878593275,0.0,4351.230687953665,0.0,402.9226509796981
0.00023327057878593275,0.0002337545426423351,0.0,4323.596935563484,0.0,423.5853510299628
0.0002337545426423351,0.00023423850649873743,0.0,4283.52382031453,0.0,359.5309808742123
0.00023423850649873743,0.0002347224703551398,0.0,4250.672214375825,0.0,402.9226509796981
0.0002347224703551398,0.00023520643421154214,0.0,4240.069535966445,0.0,400.85638097469644
0.00023520643421154214,0.00023569039806794448,0.0,4180.293805720088,0.0,411.1877309998175
0.00023569039806794448,0.00023617436192434685,0.0,4182.297461482301,0.0,388.4587609445295
0.00023617436192434685,0.0002366583257807492,0.0,4136.088150461085,0.0,413.2540010048417
0.0002366583257807492,0.00023714228963715153,0.0,4148.151827864155,0.0,369.86233089933336
0.00023714228963715153,0.0002376262534935539,0.0,4094.512293390065,0.0,423.58535102993903
0.0002376262534935539,0.00023811021734995624,0.0,4073.3486793994407,0.0,380.1936809244544
0.00023811021734995624,0.00023859418120635858,0.0,4040.371844975822,0.0,396.72384096464805
0.00023859418120635858,0.00023907814506276095,0.0,4041.6241298271257,0.0,328.5369307988307
0.00023907814506276095,0.0002395621089191633,0.0,4028.7255958565947,0.0,355.3984408641639
0.0002395621089191633,0.00024004607277556563,0.0,4001.7179858919353,0.0,367.7960608943091
0.00024004607277556563,0.000240530036631968,0.0,3952.0857629427483,0.0,378.127410919409
0.000240530036631968,0.00024101400048837034,0.0,3938.728057859985,0.0,349.19963084909125
0.00024101400048837034,0.0002414979643447727,0.0,3912.4300759776397,0.0,353.3321708591199
0.0002414979643447727,0.00024198192820117505,0.0,3897.861828871728,0.0,371.92860090435755
0.00024198192820117505,0.0002424658920575774,0.0,3883.8779813629785,0.0,369.86233089933336
0.0002424658920575774,0.00024294985591397975,0.0,3849.31491946054,0.0,324.4043907887826
0.00024294985591397975,0.0002434338197703821,0.0,3815.711942611372,0.0,334.73574081392184
0.0002434338197703821,0.00024391778362678444,0.0,3797.136383980346,0.0,363.6635208842607
0.00024391778362678444,0.0002444017474831868,0.0,3774.762227966347,0.0,303.74169073855865
0.0002444017474831868,0.00024488571133958914,0.0,3746.2936190080254,0.0,320.2718507787344
0.00024488571133958914,0.0002453696751959915,0.0,3738.738167070462,0.0,283.07899068830073
0.0002453696751959915,0.0002458536390523938,0.0,3700.960907383063,0.0,266.5488306481378
0.0002458536390523938,0.0002463376029087962,0.0,3693.488941101854,0.0,225.2234305476261
0.0002463376029087962,0.00024682156676519856,0.0,3666.481331137196,0.0,252.08494061293933
0.00024682156676519856,0.0002473055306216009,0.0,3634.923752879053,0.0,250.01867060794325
0.0002473055306216009,0.00024778949447800324,0.0,3591.469468530564,0.0,210.75954051245745
0.00024778949447800324,0.0002482734583344056,0.0,3581.9103608305527,0.0,208.6932705074334
0.0002482734583344056,0.0002487574221908079,0.0,3559.1605193614946,0.0,200.42819048735947
0.0002487574221908079,0.0002492413860472103,0.0,3521.5919738152033,0.0,221.09089053757793
0.0002492413860472103,0.00024972534990361266,0.0,3515.873206326551,0.0,210.75954051245745
0.00024972534990361266,0.000250209313760015,0.0,3507.9420689339217,0.0,208.69327050745676
0.000250209313760015,0.00025069327761641734,0.0,3459.812587806402,0.0,157.03652038183105
0.00025069327761641734,0.0002511772414728197,0.0,3412.2257634482717,0.0,208.6932705074334
0.0002511772414728197,0.000251661205329222,0.0,3393.2745193621677,0.0,163.2353303969216
0.000251661205329222,0.0002521451691856244,0.0,3369.397621525954,0.0,190.09684046221653
0.0002521451691856244,0.00025262913304202676,0.0,3343.8510105547475,0.0,140.5063603416383
0.00025262913304202676,0.0002531130968984291,0.0,3300.438469035419,0.0,169.43414041199458
0.0002531130968984291,0.00025359706075483144,0.0,3278.899169588737,0.0,144.63890035168652
0.00025359706075483144,0.0002540810246112338,0.0,3264.080465512302,0.0,136.3738203315901
0.0002540810246112338,0.0002545649884676361,0.0,3222.6715797554125,0.0,132.24128032155676
0.0002545649884676361,0.0002550489523240385,0.0,3239.660910907471,0.0,144.63890035168652
0.0002550489523240385,0.00025553291618044086,0.0,3205.431791632325,0.0,130.17501031651784
0.00025553291618044086,0.00025601688003684317,0.0,3157.0935963636302,0.0,165.30160040194596
0.00025601688003684317,0.00025650084389324554,0.0,3143.527177138371,0.0,123.97620030144557
0.00025650084389324554,0.0002569848077496479,0.0,3103.07837643396,0.0,115.7111202813492
0.0002569848077496479,0.0002574687716060502,0.0,3055.491552076171,0.0,117.77739028638649
0.0002574687716060502,0.0002579527354624526,0.0,3064.967174119071,0.0,95.04842023110827
0.0002579527354624526,0.00025843669931885496,0.0,3043.8453029566026,0.0,132.24128032154192
0.00025843669931885496,0.00025892066317525727,0.0,2981.9824312913665,0.0,99.18096024116755
0.00025892066317525727,0.00025940462703165964,0.0,2966.6628132739856,0.0,78.51826019091553
0.00025940462703165964,0.000259888590888062,0.0,2977.140263198451,0.0,78.51826019091553
0.000259888590888062,0.0002603725547444643,0.0,2922.2067010450064,0.0,74.38572018087568
0.0002603725547444643,0.0002608565186008667,0.0,2900.0412591726026,0.0,57.8555601406746
0.0002608565186008667,0.00026134048245726906,0.0,2859.342001497885,0.0,49.59048012057823
0.00026134048245726906,0.00026182444631367137,0.0,2842.2274418606307,0.0,57.85556014068108
0.00026182444631367137,0.00026230841017007374,0.0,2839.4306723585623,0.0,55.78929013565051
0.00026230841017007374,0.0002627923740264761,0.0,2779.3627423135185,0.0,53.72302013062641
0.0002627923740264761,0.0002632763378828785,0.0,2769.177492187743,0.0,59.92183014569869
0.0002632763378828785,0.0002637603017392808,0.0,2749.6001056758028,0.0,41.32540010048649
0.0002637603017392808,0.00026424426559568316,0.0,2726.4745787505785,0.0,55.78929013565051
0.00026424426559568316,0.0002647282294520855,0.0,2720.5470971200048,0.0,35.126590085409575
0.0002647282294520855,0.00026521219330848784,0.0,2680.9748958119644,0.0,57.85556014068108
0.00026521219330848784,0.0002656961571648902,0.0,2657.682397573211,0.0,30.994050075361393
0.0002656961571648902,0.00026618012102129257,0.0,2636.4352979255896,0.0,41.32540010048185
0.00026618012102129257,0.0002666640848776949,0.0,2611.5983150372085,0.0,66.12064016077838
0.0002666640848776949,0.00026714804873409725,0.0,2591.060843471828,0.0,61.98810015072279
0.00026714804873409725,0.0002676320125904996,0.0,2563.6358052233263,0.0,39.25913009545776
0.0002676320125904996,0.00026811597644690194,0.0,2552.1982702463074,0.0,49.59048012058378
0.00026811597644690194,0.0002685999403033043,0.0,2514.754953185282,0.0,55.78929013565051
0.0002685999403033043,0.00026908390415970667,0.0,2496.7637941516377,0.0,45.45794011053004
0.00026908390415970667,0.000269567868016109,0.0,2451.2223683846137,0.0,66.12064016077838
0.000269567868016109,0.00027005183187251135,0.0,2462.659903361644,0.0,49.59048012057823
0.00027005183187251135,0.0002705357957289137,0.0,2405.5974569602718,0.0,61.98810015072279
0.0002705357957289137,0.00027101975958531603,0.0,2398.0420050229773,0.0,41.32540010048649
0.00027101975958531603,0.0002715037234417184,0.0,2359.429888767208,0.0,45.45794011053004
0.0002715037234417184,0.00027198768729812077,0.0,2355.714777041003,0.0,43.39167010550595
0.00027198768729812077,0.0002724716511545231,0.0,2321.318686452579,0.0,39.25913009546216
0.0002724716511545231,0.00027295561501092545,0.0,2278.1983447313114,0.0,20.662700050240925
0.00027295561501092545,0.0002734395788673278,0.0,2270.5594071369796,0.0,18.596430045216835
0.0002734395788673278,0.00027392354272373013,0.0,2263.2544121699766,0.0,28.92778007034054
0.00027392354272373013,0.0002744075065801325,0.0,2213.163018108533,0.0,16.53016004019274
0.0002744075065801325,0.00027489147043653487,0.0,2206.901593850884,0.0,20.662700050240925
0.00027489147043653487,0.0002753754342929372,0.0,2183.692581269444,0.0,14.46389003517027
0.0002753754342929372,0.00027585939814933955,0.0,2146.4579783503814,0.0,14.46389003516865
0.00027585939814933955,0.0002763433620057419,0.0,2139.3199546966616,0.0,10.331350025120463
0.0002763433620057419,0.00027682732586214423,0.0,2118.281569191199,0.0,0.0
0.00027682732586214423,0.0002773112897185466,0.0,2106.3013774446604,0.0,8.26508002009637
0.0002773112897185466,0.00027779525357494897,0.0,2055.4168696441684,0.0,2.0662700050240925
0.00027779525357494897,0.0002782792174313513,0.0,2058.0466678326115,0.0,4.132540010048649
0.0002782792174313513,0.00027876318128775365,0.0,2031.2477720096442,0.0,4.132540010048185
0.00027876318128775365,0.000279247145144156,0.0,2002.6956773947654,0.0,0.0
0.000279247145144156,0.00027973110900055833,0.0,1995.8915963683444,0.0,2.0662700050243243
0.00027973110900055833,0.0002802150728569607,0.0,1953.940053841874,0.0,0.0
0.0002802150728569607,0.00028069903671336307,0.0,1941.250234013039,0.0,0.0
0.00028069903671336307,0.0002811830005697654,0.0,1919.5022204250208,0.0,2.0662700050243243
0.0002811830005697654,0.00028166696442616775,0.0,1914.3261097051493,0.0,0.0
0.00028166696442616775,0.0002821509282825701,0.0,1888.9047272190955,0.0,0.0
0.0002821509282825701,0.00028263489213897243,0.0,1860.6448324031155,0.0,0.0
0.00028263489213897243,0.0002831188559953748,0.0,1845.9096139832407,0.0,0.0
0.0002831188559953748,0.00028360281985177717,0.0,1846.0348424683937,0.0,0.0
0.00028360281985177717,0.0002840867837081795,0.0,1829.5046824284057,0.0,0.0
0.0002840867837081795,0.00028457074756458185,0.0,1797.028761945196,0.0,0.0
0.00028457074756458185,0.0002850547114209842,0.0,1809.5933532888778,0.0,0.0
0.0002850547114209842,0.00028553867527738653,0.0,1774.4041489610904,0.0,0.0
0.00028553867527738653,0.0002860226391337889,0.0,1761.2969008482137,0.0,0.0
0.0002860226391337889,0.00028650660299019126,0.0,1739.924572715439,0.0,0.0
0.00028650660299019126,0.0002869905668465936,0.0,1736.6686321016562,0.0,0.0
0.0002869905668465936,0.00028747453070299595,0.0,1704.6518827306845,0.0,0.0
0.00028747453070299595,0.0002879584945593983,0.0,1702.4395128263152,0.0,0.0
0.0002879584945593983,0.0002884424584158006,0.0,1685.5336673308523,0.0,0.0
0.0002884424584158006,0.000288926422272203,0.0,1659.3609139336918,0.0,0.0
0.000288926422272203,0.00028941038612860536,0.0,1661.0306270690646,0.0,0.0
0.00028941038612860536,0.0002898943499850077,0.0,1641.328012071847,0.0,0.0
0.0002898943499850077,0.00029037831384141004,0.0,1621.6253970742619,0.0,0.0
0.00029037831384141004,0.0002908622776978124,0.0,1606.890178654595,0.0,0.0
0.0002908622776978124,0.0002913462415542147,0.0,1609.1860342159132,0.0,0.0
0.0002913462415542147,0.0002918302054106171,0.0,1586.8953638585033,0.0,0.0
0.0002918302054106171,0.00029231416926701946,0.0,1562.100123798214,0.0,0.0
0.00029231416926701946,0.0002927981331234218,0.0,1539.7677106127726,0.0,0.0
0.0002927981331234218,0.00029328209697982414,0.0,1535.3012279754773,0.0,0.0
0.00029328209697982414,0.0002937660608362265,0.0,1517.4352974269862,0.0,0.0
0.0002937660608362265,0.0002942500246926288,0.0,1496.9813115188347,0.0,0.0
0.0002942500246926288,0.0002947339885490312,0.0,1490.0102591784846,0.0,0.0
0.0002947339885490312,0.00029521795240543356,0.0,1474.5236698479,0.0,0.0
0.00029521795240543356,0.00029570191626183593,0.0,1442.0477493648953,0.0,0.0
0.00029570191626183593,0.00029618588011823824,0.0,1447.6830311969413,0.0,0.0
0.00029618588011823824,0.0002966698439746406,0.0,1417.9621373871396,0.0,0.0
0.0002966698439746406,0.000297153807831043,0.0,1412.8695123242521,0.0,0.0
0.000297153807831043,0.0002976377716874453,0.0,1392.2068122741669,0.0,0.0
0.0002976377716874453,0.00029812173554384766,0.0,1364.6982883687408,0.0,0.0
0.00029812173554384766,0.00029860569940025003,0.0,1350.4222410613015,0.0,0.0
0.00029860569940025003,0.00029908966325665234,0.0,1337.8576497177696,0.0,0.0
0.00029908966325665234,0.0002995736271130547,0.0,1310.9752682381143,0.0,0.0
0.0002995736271130547,0.0003000575909694571,0.0,1303.8372445843947,0.0,0.0
0.0003000575909694571,0.0003005415548258594,0.0,1280.0020895770886,0.0,0.0
0.0003005415548258594,0.00030102551868226176,0.0,1268.4810689428714,0.0,0.0
0.00030102551868226176,0.0003015094825386641,0.0,1258.0871046751745,0.0,0.0
0.0003015094825386641,0.00030199344639506644,0.0,1235.4207488626241,0.0,0.0
0.00030199344639506644,0.0003024774102514688,0.0,1212.0865077956482,0.0,0.0
0.0003024774102514688,0.0003029613741078712,0.0,1198.854031197817,0.0,0.0
0.0003029613741078712,0.0003034453379642735,0.0,1182.3656139861412,0.0,0.0
0.0003034453379642735,0.00030392930182067586,0.0,1160.4923719126223,0.0,0.0
0.00030392930182067586,0.0003044132656770782,0.0,1152.6864630047535,0.0,0.0
0.0003044132656770782,0.00030489722953348054,0.0,1120.5444851489488,0.0,0.0
0.00030489722953348054,0.0003053811933898829,0.0,1106.644123296843,0.0,0.0
0.0003053811933898829,0.0003058651572462853,0.0,1101.7184695474925,0.0,0.0
0.0003058651572462853,0.0003063491211026876,0.0,1075.003059381645,0.0,0.0
0.0003063491211026876,0.00030683308495908996,0.0,1064.9847805692864,0.0,0.0
0.00030683308495908996,0.0003073170488154923,0.0,1046.7431645653364,0.0,0.0
0.0003073170488154923,0.00030780101267189464,0.0,1028.5850342182703,0.0,0.0
0.00030780101267189464,0.000308284976528297,0.0,1012.5557881185742,0.0,0.0
0.000308284976528297,0.0003087689403846994,0.0,1019.2346406600661,0.0,0.0
0.0003087689403846994,0.0003092529042411017,0.0,991.350431299448,0.0,0.0
0.0003092529042411017,0.00030973686809750405,0.0,973.4427579224615,0.0,0.0
0.00030973686809750405,0.0003102208319539064,0.0,967.8492189189619,0.0,0.0
0.0003102208319539064,0.00031070479581030874,0.0,953.7401429251669,0.0,0.0
0.00031070479581030874,0.0003111887596667111,0.0,934.7054131818079,0.0,0.0
0.0003111887596667111,0.00031167272352311347,0.0,926.1898761914055,0.0,0.0
0.00031167272352311347,0.0003121566873795158,0.0,921.1807367853896,0.0,0.0
0.0003121566873795158,0.00031264065123591815,0.0,908.9918308970636,0.0,0.0
0.00031264065123591815,0.0003131246150923205,0.0,882.8190775000917,0.0,0.0
0.0003131246150923205,0.00031360857894872283,0.0,873.0929984866418,0.0,0.0
0.00031360857894872283,0.0003140925428051252,0.0,856.1871529908924,0.0,0.0
0.0003140925428051252,0.00031457650666152757,0.0,863.5338907865336,0.0,0.0
0.00031457650666152757,0.0003150604705179299,0.0,837.6950800167301,0.0,0.0
0.0003150604705179299,0.00031554443437433225,0.0,825.7566310987193,0.0,0.0
0.00031554443437433225,0.0003160283982307346,0.0,817.115865623164,0.0,0.0
0.0003160283982307346,0.00031651236208713693,0.0,809.3516995437702,0.0,0.0
0.00031651236208713693,0.0003169963259435393,0.0,789.523856061125,0.0,0.0
0.0003169963259435393,0.00031748028979994167,0.0,781.801432810025,0.0,0.0
0.00031748028979994167,0.000317964253656344,0.0,769.4872984367352,0.0,0.0
0.000317964253656344,0.00031844821751274635,0.0,762.5579889248511,0.0,0.0
0.00031844821751274635,0.0003189321813691487,0.0,751.2039396043147,0.0,0.0
0.0003189321813691487,0.00031941614522555103,0.0,737.4288062375699,0.0,0.0
0.00031941614522555103,0.0003199001090819534,0.0,736.3017498711106,0.0,0.0
0.0003199001090819534,0.00032038407293835577,0.0,718.1436195239291,0.0,0.0
0.00032038407293835577,0.0003208680367947581,0.0,711.5482526392855,0.0,0.0
0.0003208680367947581,0.00032135200065116045,0.0,698.8166899819867,0.0,0.0
0.00032135200065116045,0.0003218359645075628,0.0,689.0071253116703,0.0,0.0
0.0003218359645075628,0.00032231992836396513,0.0,688.4227257143668,0.0,0.0
0.00032231992836396513,0.0003228038922203675,0.0,663.1265717133887,0.0,0.0
0.0003228038922203675,0.00032328785607676987,0.0,673.6040216378543,0.0,0.0
0.00032328785607676987,0.0003237718199331722,0.0,651.9812365348469,0.0,0.0
0.0003237718199331722,0.00032425578378957455,0.0,640.2515017587785,0.0,0.0
0.00032425578378957455,0.0003247397476459769,0.0,638.6652742801742,0.0,0.0
0.0003247397476459769,0.0003252237115023793,0.0,633.0299924482903,0.0,0.0
0.0003252237115023793,0.0003257076753587816,0.0,628.8139667815439,0.0,0.0
0.0003257076753587816,0.00032619163921518397,0.0,620.2566869626868,0.0,0.0
0.00032619163921518397,0.00032667560307158633,0.0,615.5397473552581,0.0,0.0
0.00032667560307158633,0.00032715956692798865,0.0,604.1439552064049,0.0,0.0
0.00032715956692798865,0.000327643530784391,0.0,593.9587050805619,0.0,0.0
0.000327643530784391,0.0003281274946407934,0.0,591.7880780045771,0.0,0.0
0.0003281274946407934,0.0003286114584971957,0.0,576.8441454430533,0.0,0.0
0.0003286114584971957,0.00032909542235359806,0.0,570.6244640137242,0.0,0.0
0.00032909542235359806,0.00032957938621000043,0.0,565.5318389508366,0.0,0.0
0.00032957938621000043,0.00033006335006640275,0.0,561.6914987395415,0.0,0.0
0.00033006335006640275,0.0003305473139228051,0.0,549.5860785080243,0.0,0.0
0.0003305473139228051,0.0003310312777792075,0.0,549.669564164793,0.0,0.0
0.0003310312777792075,0.0003315152416356098,0.0,537.1049728211713,0.0,0.0
0.0003315152416356098,0.00033199920549201216,0.0,532.6802330123727,0.0,0.0
0.00033199920549201216,0.00033248316934841453,0.0,534.7673744315889,0.0,0.0
0.00033248316934841453,0.00033296713320481685,0.0,514.9812737774765,0.0,0.0
0.00033296713320481685,0.0003334510970612192,0.0,511.6001046782886,0.0,0.0
0.0003334510970612192,0.0003339350609176216,0.0,510.3478198267588,0.0,0.0
0.0003339350609176216,0.0003344190247740239,0.0,500.0373412158865,0.0,0.0
0.0003344190247740239,0.00033490298863042626,0.0,494.4438022123309,0.0,0.0
0.00033490298863042626,0.00033538695248682863,0.0,488.0154066411448,0.0,0.0
0.00033538695248682863,0.00033587091634323094,0.0,483.9663522879195,0.0,0.0
0.00033587091634323094,0.0003363548801996333,0.0,469.3981051817358,0.0,0.0
0.0003363548801996333,0.0003368388440560357,0.0,449.52851887079703,0.0,0.0
0.0003368388440560357,0.000337322807912438,0.0,449.4032903856944,0.0,0.0
0.000337322807912438,0.00033780677176884036,0.0,449.1110905869538,0.0,0.0
0.00033780677176884036,0.00033829073562524273,0.0,446.8987206825846,0.0,0.0
0.00033829073562524273,0.00033877469948164504,0.0,438.6336406625374,0.0,0.0
0.00033877469948164504,0.0003392586633380474,0.0,411.95997332490447,0.0,0.0
0.0003392586633380474,0.0003397426271944498,0.0,417.4282838432511,0.0,0.0
0.0003397426271944498,0.0003402265910508521,0.0,403.11049370747276,0.0,0.0
0.0003402265910508521,0.00034071055490725446,0.0,395.9724700537079,0.0,0.0
0.00034071055490725446,0.00034119451876365683,0.0,382.28082234364933,0.0,0.0
0.00034119451876365683,0.00034167848262005914,0.0,378.9831389013301,0.0,0.0
0.00034167848262005914,0.0003421624464764615,0.0,380.31890940958607,0.0,0.0
0.0003421624464764615,0.0003426464103328639,0.0,373.47308555455675,0.0,0.0
0.0003426464103328639,0.0003431303741892662,0.0,362.41123603275116,0.0,0.0
0.0003431303741892662,0.00034361433804566856,0.0,347.8429889265811,0.0,0.0
0.00034361433804566856,0.0003440983019020709,0.0,345.42190488029024,0.0,0.0
0.0003440983019020709,0.00034458226575847324,0.0,340.78845092966833,0.0,0.0
0.00034458226575847324,0.0003450662296148756,0.0,333.0242848501457,0.0,0.0
0.0003450662296148756,0.000345550193471278,0.0,319.45786562524006,0.0,0.0
0.000345550193471278,0.0003460341573276803,0.0,318.62300905758923,0.0,0.0
0.0003460341573276803,0.00034651812118408266,0.0,312.1946134863675,0.0,0.0
0.00034651812118408266,0.000347002085040485,0.0,305.6409894300284,0.0,0.0
0.000347002085040485,0.00034748604889688734,0.0,297.33416658158103,0.0,0.0
0.00034748604889688734,0.0003479700127532897,0.0,290.2378857562125,0.0,0.0
0.0003479700127532897,0.0003484539766096921,0.0,291.36494212258924,0.0,0.0
0.0003484539766096921,0.0003489379404660944,0.0,285.93837443265903,0.0,0.0
0.0003489379404660944,0.00034942190432249676,0.0,274.79303925401217,0.0,0.0
0.00034942190432249676,0.0003499058681788991,0.0,275.21046753785544,0.0,0.0
0.0003499058681788991,0.00035038983203530144,0.0,272.5806693496735,0.0,0.0
0.00035038983203530144,0.0003508737958917038,0.0,265.4426456959234,0.0,0.0
0.0003508737958917038,0.0003513577597481062,0.0,257.177565675827,0.0,0.0
0.0003513577597481062,0.0003518417236045085,0.0,253.37896829288178,0.0,0.0
0.0003518417236045085,0.00035232568746091086,0.0,247.53497231904788,0.0,0.0
0.00035232568746091086,0.0003528096513173132,0.0,238.35155007449637,0.0,0.0
0.0003528096513173132,0.00035329361517371554,0.0,243.026746853568,0.0,0.0
0.00035329361517371554,0.0003537775790301179,0.0,233.2589250116087,0.0,0.0
0.0003537775790301179,0.00035426154288652027,0.0,220.9447906382328,0.0,0.0
0.00035426154288652027,0.0003547455067429226,0.0,223.69981731162332,0.0,0.0
0.0003547455067429226,0.00035522947059932495,0.0,218.18976396486732,0.0,0.0
0.00035522947059932495,0.0003557134344557273,0.0,213.05539607359535,0.0,0.0
0.0003557134344557273,0.00035619739831212964,0.0,207.83754252557802,0.0,0.0
0.00035619739831212964,0.000356681362168532,0.0,206.12608656179736,0.0,0.0
0.000356681362168532,0.00035716532602493437,0.0,195.73212229410044,0.0,0.0
0.00035716532602493437,0.00035764928988133674,0.0,191.59958228405227,0.0,0.0
0.00035764928988133674,0.00035813325373773905,0.0,192.81012430721927,0.0,0.0
0.00035813325373773905,0.0003586172175941414,0.0,183.2510166071872,0.0,0.0
0.0003586172175941414,0.0003591011814505438,0.0,180.3707614486688,0.0,0.0
0.0003591011814505438,0.0003595851453069461,0.0,175.57033618449105,0.0,0.0
0.0003595851453069461,0.00036006910916334847,0.0,174.5685083032476,0.0,0.0
0.00036006910916334847,0.00036055307301975084,0.0,170.81165374865836,0.0,0.0
0.00036055307301975084,0.00036103703687615315,0.0,158.16357674822555,0.0,0.0
0.00036103703687615315,0.0003615210007325555,0.0,162.42134524340898,0.0,0.0
0.0003615210007325555,0.0003620049645889579,0.0,158.83146200235703,0.0,0.0
0.0003620049645889579,0.0003624889284453602,0.0,154.7406648207105,0.0,0.0
0.0003624889284453602,0.00036297289230176257,0.0,149.2723543023466,0.0,0.0
0.00036297289230176257,0.00036345685615816494,0.0,149.39758278749954,0.0,0.0
0.00036345685615816494,0.00036394082001456725,0.0,143.63707247047878,0.0,0.0
0.00036394082001456725,0.0003644247838709696,0.0,140.17241771456372,0.0,0.0
0.0003644247838709696,0.000364908747727372,0.0,140.92378862548156,0.0,0.0
0.000364908747727372,0.0003653927115837743,0.0,132.49173729186273,0.0,0.0
0.0003653927115837743,0.00036587667544017667,0.0,129.06882536433324,0.0,0.0
0.00036587667544017667,0.00036636063929657904,0.0,132.11605183638898,0.0,0.0
0.00036636063929657904,0.00036684460315298135,0.0,124.8945425259147,0.0,0.0
0.00036684460315298135,0.0003673285670093837,0.0,121.722087568692,0.0,0.0
0.0003673285670093837,0.0003678125308657861,0.0,120.63677403069957,0.0,0.0
0.0003678125308657861,0.0003682964947221884,0.0,116.71294816258607,0.0,0.0
0.0003682964947221884,0.00036878045857859077,0.0,115.58589179619622,0.0,0.0
0.00036878045857859077,0.00036926442243499313,0.0,112.95609360798373,0.0,0.0
0.00036926442243499313,0.00036974838629139545,0.0,109.90886713594033,0.0,0.0
0.00036974838629139545,0.0003702323501477978,0.0,106.36072672326038,0.0,0.0
0.0003702323501477978,0.0003707163140042002,0.0,104.899727729809,0.0,0.0
0.0003707163140042002,0.0003712002778606025,0.0,102.26992954160797,0.0,0.0
0.0003712002778606025,0.00037168424171700487,0.0,104.14835681889114,0.0,0.0
0.00037168424171700487,0.00037216820557340723,0.0,96.96859033678723,0.0,0.0
0.00037216820557340723,0.00037265216942980955,0.0,97.05207599356675,0.0,0.0
0.00037265216942980955,0.0003731361332862119,0.0,92.12642224420551,0.0,0.0
0.0003731361332862119,0.0003736200971426143,0.0,91.29156567651901,0.0,0.0
0.0003736200971426143,0.0003741040609990166,0.0,90.62368042237996,0.0,0.0
0.0003741040609990166,0.00037458802485541896,0.0,87.99388223415733,0.0,0.0
0.00037458802485541896,0.00037507198871182133,0.0,86.49114041232163,0.0,0.0
0.00037507198871182133,0.00037555595256822365,0.0,85.82325515818204,0.0,0.0
0.00037555595256822365,0.000376039916424626,0.0,83.23519979834427,0.0,0.0
0.000376039916424626,0.0003765238802810284,0.0,81.94117211843019,0.0,0.0
0.0003765238802810284,0.0003770078441374307,0.0,82.48382888743565,0.0,0.0
0.0003770078441374307,0.00037749180799383306,0.0,80.14623049790421,0.0,0.0
0.00037749180799383306,0.00037797577185023543,0.0,78.51826019091553,0.0,0.0
0.00037797577185023543,0.00037845973570663774,0.0,76.34763311493917,0.0,0.0
0.00037845973570663774,0.0003789436995630401,0.0,74.97011977824789,0.0,0.0
0.0003789436995630401,0.0003794276634194425,0.0,74.6361771511733,0.0,0.0
0.0003794276634194425,0.0003799116272758448,0.0,70.37840865598001,0.0,0.0
0.0003799116272758448,0.00038039559113224716,0.0,71.92289330619215,0.0,0.0
0.00038039559113224716,0.00038087955498864953,0.0,72.29857876165109,0.0,0.0
0.00038087955498864953,0.00038136351884505184,0.0,69.96098037213672,0.0,0.0
0.00038136351884505184,0.0003818474827014542,0.0,69.334837946364,0.0,0.0
0.0003818474827014542,0.0003823314465578566,0.0,64.91009813762554,0.0,0.0
0.0003823314465578566,0.0003828154104142589,0.0,63.24038500225962,0.0,0.0
0.0003828154104142589,0.00038329937427066126,0.0,66.03715450400232,0.0,0.0
0.00038329937427066126,0.00038378333812706363,0.0,66.03715450400232,0.0,0.0
0.00038378333812706363,0.00038426730198346594,0.0,64.7431268240955,0.0,0.0
0.00038426730198346594,0.0003847512658398683,0.0,62.781213890024965,0.0,0.0
0.0003847512658398683,0.0003852352296962707,0.0,61.487186210110885,0.0,0.0
0.0003852352296962707,0.000385719193552673,0.0,59.23307347736396,0.0,0.0
0.000385719193552673,0.00038620315740907536,0.0,56.14410417691727,0.0,0.0
0.00038620315740907536,0.00038668712126547773,0.0,55.350990437615096,0.0,0.0
0.00038668712126547773,0.0003871710851218801,0.0,56.26933266207025,0.0,0.0
0.0003871710851218801,0.0003876550489782824,0.0,53.97347710093841,0.0,0.0
0.0003876550489782824,0.0003881390128346848,0.0,55.47621892276806,0.0,0.0
0.0003881390128346848,0.00038862297669108714,0.0,53.43082033193613,0.0,0.0
0.00038862297669108714,0.00038910694054748946,0.0,51.26019325595698,0.0,0.0
0.00038910694054748946,0.0003895909044038918,0.0,51.30193608433556,0.0,0.0
0.0003895909044038918,0.0003900748682602942,0.0,52.345506793943684,0.0,0.0
0.0003900748682602942,0.0003905588321166965,0.0,49.50699446381512,0.0,0.0
0.0003905588321166965,0.0003910427959730989,0.0,49.67396577734688,0.0,0.0
0.0003910427959730989,0.00039152675982950124,0.0,47.044167589134396,0.0,0.0
0.00039152675982950124,0.00039201072368590356,0.0,45.12399748346049,0.0,0.0
0.00039201072368590356,0.0003924946875423059,0.0,46.12582536467924,0.0,0.0
0.0003924946875423059,0.0003929786513987083,0.0,43.621255661619735,0.0,0.0
0.0003929786513987083,0.0003934626152551106,0.0,43.120341721012664,0.0,0.0
0.0003934626152551106,0.000393946579111513,0.0,41.95154252624673,0.0,0.0
0.000393946579111513,0.00039443054296791534,0.0,40.36531504764238,0.0,0.0
0.00039443054296791534,0.00039491450682431766,0.0,42.28548515332607,0.0,0.0
0.00039491450682431766,0.00039539847068072,0.0,38.319916456810454,0.0,0.0
0.00039539847068072,0.0003958824345371224,0.0,39.69742979349318,0.0,0.0
0.0003958824345371224,0.0003963663983935247,0.0,37.443317060743816,0.0,0.0
0.0003963663983935247,0.0003968503622499271,0.0,37.61028837427692,0.0,0.0
0.0003968503622499271,0.00039733432610632944,0.0,36.94240312012772,0.0,0.0
0.00039733432610632944,0.00039781828996273175,0.0,37.944231001355774,0.0,0.0
0.00039781828996273175,0.0003983022538191341,0.0,34.02040513322496,0.0,0.0
0.0003983022538191341,0.0003987862176755365,0.0,35.10571867121742,0.0,0.0
0.0003987862176755365,0.0003992701815319388,0.0,32.80986311008321,0.0,0.0
0.0003992701815319388,0.00039975414538834117,0.0,35.60663261182931,0.0,0.0
0.00039975414538834117,0.00040023810924474354,0.0,33.06032008038549,0.0,0.0
0.00040023810924474354,0.00040072207310114585,0.0,30.347036235407753,0.0,0.0
0.00040072207310114585,0.0004012060369575482,0.0,31.140149974706528,0.0,0.0
0.0004012060369575482,0.0004016900008139506,0.0,29.053008555490276,0.0,0.0
0.0004016900008139506,0.0004021739646703529,0.0,30.76446451925105,0.0,0.0
0.0004021739646703529,0.00040265792852675527,0.0,31.265378459859505,0.0,0.0
0.00040265792852675527,0.00040314189238315764,0.0,29.720893809639477,0.0,0.0
0.00040314189238315764,0.00040362585623955995,0.0,29.55392249610549,0.0,0.0
0.00040362585623955995,0.0004041098200959623,0.0,27.633752390423222,0.0,0.0
0.0004041098200959623,0.0004045937839523647,0.0,27.29980976334862,0.0,0.0
0.0004045937839523647,0.000405077747808767,0.0,27.0493527930457,0.0,0.0
0.000405077747808767,0.00040556171166516937,0.0,25.880553598281566,0.0,0.0
0.00040556171166516937,0.00040604567552157174,0.0,26.131010568587516,0.0,0.0
0.00040604567552157174,0.00040652963937797405,0.0,24.544783089985916,0.0,0.0
0.00040652963937797405,0.0004070136032343764,0.0,25.713582284744266,0.0,0.0
0.0004070136032343764,0.0004074975670907788,0.0,23.79341217906531,0.0,0.0
0.0004074975670907788,0.0004079815309471811,0.0,25.54661097120983,0.0,0.0
0.0004079815309471811,0.00040846549480358347,0.0,22.833327126225832,0.0,0.0
0.00040846549480358347,0.00040894945865998584,0.0,22.457641670766908,0.0,0.0
0.00040894945865998584,0.00040943342251638815,0.0,23.04204126815004,0.0,0.0
0.00040943342251638815,0.0004099173863727905,0.0,20.53747156508795,0.0,0.0
0.0004099173863727905,0.0004104013502291929,0.0,21.205356819237156,0.0,0.0
0.0004104013502291929,0.0004108853140855952,0.0,20.579214393474583,0.0,0.0
0.0004108853140855952,0.00041136927794199757,0.0,20.746185707009577,0.0,0.0
0.00041136927794199757,0.00041185324179839994,0.0,18.575558631024673,0.0,0.0
0.00041185324179839994,0.00041233720565480225,0.0,19.53564368386634,0.0,0.0
0.00041233720565480225,0.0004128211695112046,0.0,18.24161600395007,0.0,0.0
0.0004128211695112046,0.000413305133367607,0.0,16.57190286857707,0.0,0.0
0.000413305133367607,0.0004137890972240093,0.0,17.49024509303418,0.0,0.0
0.0004137890972240093,0.00041427306108041167,0.0,17.23978812272627,0.0,0.0
0.00041427306108041167,0.00041475702493681403,0.0,16.279703069886793,0.0,0.0
0.00041475702493681403,0.00041524098879321635,0.0,15.194389531896043,0.0,0.0
0.00041524098879321635,0.0004157249526496187,0.0,13.90036185198026,0.0,0.0
0.0004157249526496187,0.0004162089165060211,0.0,16.154474584733816,0.0,0.0
0.0004162089165060211,0.0004166928803624234,0.0,13.942104680366148,0.0,0.0
0.0004166928803624234,0.00041717684421882577,0.0,13.942104680364585,0.0,0.0
0.00041717684421882577,0.00041766080807522813,0.0,13.816876195211611,0.0,0.0
0.00041766080807522813,0.00041814477193163045,0.0,12.564591343683265,0.0,0.0
0.00041814477193163045,0.0004186287357880328,0.0,11.896706089532655,0.0,0.0
0.0004186287357880328,0.0004191126996444352,0.0,11.77147760437968,0.0,0.0
0.0004191126996444352,0.00041959666350083755,0.0,11.85496326114833,0.0,0.0
0.00041959666350083755,0.00042008062735723986,0.0,11.103592350231722,0.0,0.0
0.00042008062735723986,0.00042056459121364223,0.0,10.143507297391002,0.0,0.0
0.00042056459121364223,0.0004210485550700446,0.0,9.433879214857475,0.0,0.0
0.0004210485550700446,0.0004215325189264469,0.0,9.058193759399563,0.0,0.0
0.0004215325189264469,0.0004220164827828493,0.0,8.724251132323948,0.0,0.0
0.0004220164827828493,0.00042250044663925165,0.0,10.226992954159652,0.0,0.0
0.00042250044663925165,0.00042298441049565396,0.0,8.432051333634616,0.0,0.0
0.00042298441049565396,0.00042346837435205633,0.0,8.932965274245573,0.0,0.0
0.00042346837435205633,0.0004239523382084587,0.0,7.6389375943314946,0.0,0.0
0.0004239523382084587,0.000424436302064861,0.0,7.388480624026372,0.0,0.0
0.000424436302064861,0.0004249202659212634,0.0,6.386652742801741,0.0,0.0
0.0004249202659212634,0.00042540422977766575,0.0,5.969224458958491,0.0,0.0
0.00042540422977766575,0.00042588819363406806,0.0,5.677024660268851,0.0,0.0
0.00042588819363406806,0.00042637215749047043,0.0,5.969224458958491,0.0,0.0
0.00042637215749047043,0.0004268561213468728,0.0,5.843995973805516,0.0,0.0
0.0004268561213468728,0.0004273400852032751,0.0,5.510053346731532,0.0,0.0
0.0004273400852032751,0.0004278240490596775,0.0,5.343082033193614,0.0,0.0
0.0004278240490596775,0.00042830801291607985,0.0,5.343082033193614,0.0,0.0
0.00042830801291607985,0.00042879197677248216,0.0,4.508225465507616,0.0,0.0
0.00042879197677248216,0.00042927594062888453,0.0,5.71876748865254,0.0,0.0
0.00042927594062888453,0.0004297599044852869,0.0,5.092625062887663,0.0,0.0
0.0004297599044852869,0.0004302438683416892,0.0,4.758682435813595,0.0,0.0
0.0004302438683416892,0.0004307278321980916,0.0,4.591711122275762,0.0,0.0
0.0004307278321980916,0.00043121179605449395,0.0,5.259596376424963,0.0,0.0
0.00043121179605449395,0.00043169575991089626,0.0,4.341254151970297,0.0,0.0
0.00043169575991089626,0.0004321797237672986,0.0,3.882083039742235,0.0,0.0
0.0004321797237672986,0.000432663687623701,0.0,3.6733688978206094,0.0,0.0
0.000432663687623701,0.0004331476514801033,0.0,4.0907971816643185,0.0,0.0
0.0004331476514801033,0.0004336316153365057,0.0,4.049054353279535,0.0,0.0
0.0004336316153365057,0.00043411557919290804,0.0,4.800425264197387,0.0,0.0
0.00043411557919290804,0.00043459954304931036,0.0,4.591711122276276,0.0,0.0
0.00043459954304931036,0.0004350835069057127,0.0,3.8403402113579097,0.0,0.0
0.0004350835069057127,0.0004355674707621151,0.0,5.134367891271988,0.0,0.0
0.0004355674707621151,0.0004360514346185174,0.0,4.2577684952016375,0.0,0.0
0.0004360514346185174,0.0004365353984749198,0.0,4.758682435813062,0.0,0.0
0.0004365353984749198,0.00043701936233132214,0.0,4.216025666816836,0.0,0.0
0.00043701936233132214,0.00043750332618772446,0.0,4.341254151970297,0.0,0.0
0.00043750332618772446,0.0004379872900441268,0.0,3.8403402113579097,0.0,0.0
0.0004379872900441268,0.0004384712539005292,0.0,3.3394262707460083,0.0,0.0
0.0004384712539005292,0.0004389552177569315,0.0,2.963740815287415,0.0,0.0
0.0004389552177569315,0.0004394391816133339,0.0,4.382996980354136,0.0,0.0
0.0004394391816133339,0.00043992314546973624,0.0,3.965568696510885,0.0,0.0
0.00043992314546973624,0.00044040710932613856,0.0,4.0907971816643185,0.0,0.0
0.00044040710932613856,0.0004408910731825409,0.0,2.7550266733654567,0.0,0.0
0.0004408910731825409,0.0004413750370389433,0.0,4.382996980354136,0.0,0.0
0.0004413750370389433,0.0004418590008953456,0.0,4.0907971816643185,0.0,0.0
0.0004418590008953456,0.00044234296475174797,0.0,3.882083039742235,0.0,0.0
0.00044234296475174797,0.00044282692860815034,0.0,4.424739808738462,0.0,0.0
0.00044282692860815034,0.00044331089246455265,0.0,4.2577684952016375,0.0,0.0
0.00044331089246455265,0.000443794856320955,0.0,3.6316260694362845,0.0,0.0
0.000443794856320955,0.0004442788201773574,0.0,4.174282838432511,0.0,0.0
0.0004442788201773574,0.0004447627840337597,0.0,4.174282838432979,0.0,0.0
0.0004447627840337597,0.00044524674789016207,0.0,4.174282838432511,0.0,0.0
0.00044524674789016207,0.00044573071174656444,0.0,3.3811690991303336,0.0,0.0
0.00044573071174656444,0.00044621467560296675,0.0,3.088969300440404,0.0,0.0
0.00044621467560296675,0.0004466986394593691,0.0,3.3811690991303336,0.0,0.0
0.0004466986394593691,0.0004471826033157715,0.0,3.172454957208708,0.0,0.0
0.0004471826033157715,0.0004476665671721738,0.0,3.3811690991307124,0.0,0.0
0.0004476665671721738,0.00044815053102857617,0.0,3.3811690991303336,0.0,0.0
0.00044815053102857617,0.00044863449488497854,0.0,2.7132838449811323,0.0,0.0
0.00044863449488497854,0.0004491184587413809,0.0,2.421084046290856,0.0,0.0
0.0004491184587413809,0.0004496024225977832,0.0,2.462826874675457,0.0,0.0
0.0004496024225977832,0.0004500863864541856,0.0,2.7967695017497824,0.0,0.0
0.0004500863864541856,0.00045057035031058796,0.0,1.9619129340632802,0.0,0.0
0.00045057035031058796,0.00045105431416699027,0.0,1.711455963757521,0.0,0.0
0.00045105431416699027,0.00045153827802339264,0.0,1.7949416205259796,0.0,0.0
0.00045153827802339264,0.000452022241879795,0.0,2.295855561137881,0.0,0.0
0.000452022241879795,0.0004525062057361973,0.0,1.6279703069888616,0.0,0.0
0.0004525062057361973,0.0004529901695925997,0.0,1.9201701056789549,0.0,0.0
0.0004529901695925997,0.00045347413344900205,0.0,1.544484650220029,0.0,0.0
0.00045347413344900205,0.00045395809730540437,0.0,1.4609989934515424,0.0,0.0
0.00045395809730540437,0.00045444206116180674,0.0,0.9600850528394774,0.0,0.0
0.00045444206116180674,0.0004549260250182091,0.0,1.6697131353730041,0.0,0.0
0.0004549260250182091,0.0004554099888746114,0.0,1.168799194761234,0.0,0.0
0.0004554099888746114,0.0004558939527310138,0.0,1.3775133366827284,0.0,0.0
0.0004558939527310138,0.00045637791658741615,0.0,0.9183422244551523,0.0,0.0
0.00045637791658741615,0.00045686188044381847,0.0,1.168799194761234,0.0,0.0
0.00045686188044381847,0.00045734584430022083,0.0,0.8348565676865021,0.0,0.0
0.00045734584430022083,0.0004578298081566232,0.0,0.9600850528394774,0.0,0.0
0.0004578298081566232,0.0004583137720130255,0.0,1.5027418218358721,0.0,0.0
0.0004583137720130255,0.0004587977358694279,0.0,0.9600850528394774,0.0,0.0
0.0004587977358694279,0.00045928169972583025,0.0,0.7513709109178519,0.0,0.0
0.00045928169972583025,0.00045976566358223257,0.0,0.8765993960709254,0.0,0.0
0.00045976566358223257,0.00046024962743863493,0.0,1.0435707096081277,0.0,0.0
0.00046024962743863493,0.0004607335912950373,0.0,0.8765993960708273,0.0,0.0
0.0004607335912950373,0.0004612175551514396,0.0,0.584399597380617,0.0,0.0
0.0004612175551514396,0.000461701519007842,0.0,0.6678852541492017,0.0,0.0
0.000461701519007842,0.00046218548286424435,0.0,0.7096280825335267,0.0,0.0
0.00046218548286424435,0.00046266944672064666,0.0,0.7513709109179361,0.0,0.0
0.00046266944672064666,0.00046315341057704903,0.0,0.6678852541492017,0.0,0.0
0.00046315341057704903,0.0004636373744334514,0.0,0.5426567689962264,0.0,0.0
0.0004636373744334514,0.0004641213382898537,0.0,0.41742828384329783,0.0,0.0
0.0004641213382898537,0.0004646053021462561,0.0,0.7096280825335267,0.0,0.0
0.0004646053021462561,0.00046508926600265845,0.0,0.29219979869027574,0.0,0.0
0.00046508926600265845,0.00046557322985906076,0.0,0.45917111222762763,0.0,0.0
0.00046557322985906076,0.00046605719371546313,0.0,0.3339426270746009,0.0,0.0
0.00046605719371546313,0.0004665411575718655,0.0,0.5009139406119013,0.0,0.0
0.0004665411575718655,0.0004670251214282678,0.0,0.20871414192164892,0.0,0.0
0.0004670251214282678,0.0004675090852846702,0.0,0.5009139406119013,0.0,0.0
0.0004675090852846702,0.00046799304914107255,0.0,0.04174282838432511,0.0,0.0
0.00046799304914107255,0.00046847701299747486,0.0,0.04174282838432978,0.0,0.0
0.00046847701299747486,0.00046896097685387723,0.0,0.12522848515297533,0.0,0.0
0.00046896097685387723,0.0004694449407102796,0.0,0.16697131353730044,0.0,0.0
0.0004694449407102796,0.0004699289045666819,0.0,0.2921997986903085,0.0,0.0
0.0004699289045666819,0.0004704128684230843,0.0,0.37568545545892595,0.0,0.0
0.0004704128684230843,0.00047089683227948665,0.0,0.25045697030595065,0.0,0.0
0.00047089683227948665,0.00047138079613588896,0.0,0.37568545545896803,0.0,0.0
0.00047138079613588896,0.00047186475999229133,0.0,0.16697131353730044,0.0,0.0
0.00047186475999229133,0.0004723487238486937,0.0,0.29219979869027574,0.0,0.0
0.0004723487238486937,0.000472832687705096,0.0,0.12522848515298934,0.0,0.0
0.000472832687705096,0.0004733166515614984,0.0,0.25045697030595065,0.0,0.0
0.0004733166515614984,0.00047380061541790075,0.0,0.20871414192162552,0.0,0.0
0.00047380061541790075,0.00047428457927430306,0.0,0.08348565676865956,0.0,0.0
0.00047428457927430306,0.00047476854313070543,0.0,0.25045697030595065,0.0,0.0
0.00047476854313070543,0.0004752525069871078,0.0,0.12522848515297533,0.0,0.0
0.0004752525069871078,0.0004757364708435101,0.0,0.08348565676865956,0.0,0.0
0.0004757364708435101,0.0004762204346999125,0.0,0.16697131353730044,0.0,0.0
0.0004762204346999125,0.00047670439855631484,0.0,0.12522848515297533,0.0,0.0
0.00047670439855631484,0.00047718836241271716,0.0,0.04174282838432978,0.0,0.0
0.00047718836241271716,0.0004776723262691195,0.0,0.16697131353730044,0.0,0.0
0.0004776723262691195,0.0004781562901255219,0.0,0.16697131353730044,0.0,0.0
0.0004781562901255219,0.0004786402539819242,0.0,0.04174282838432978,0.0,0.0
0.0004786402539819242,0.0004791242178383266,0.0,0.08348565676865022,0.0,0.0
0.0004791242178383266,0.00047960818169472894,0.0,0.08348565676865022,0.0,0.0
0.00047960818169472894,0.00048009214555113126,0.0,0.08348565676865956,0.0,0.0
0.00048009214555113126,0.0004805761094075336,0.0,0.04174282838432511,0.0,0.0
0.0004805761094075336,0.000481060073263936,0.0,0.08348565676865022,0.0,0.0
0.000481060073263936,0.00048154403712033836,0.0,0.0,0.0,0.0
0.00048154403712033836,0.0004820280009767407,0.0,0.0,0.0,0.0
0.0004820280009767407,0.00048251196483314304,0.0,0.08348565676865022,0.0,0.0
0.00048251196483314304,0.0004829959286895454,0.0,0.0,0.0,0.0
0.0004829959286895454,0.0004834798925459477,0.0,0.04174282838432978,0.0,0.0
